song,artist,hip_hop_rnb,genre
(If You're Not in It for Love) I'm Outta Here!,Shania Twain,0,Country / Rock
(This Ain't) No Thinkin' Thing,Trace Adkins,0,Country / Rock
1 Thing,Amerie,1,Hip Hop / RnB
"10,000 Hours",Dan + Shay and Justin Bieber,0,Country / Rock
1000hp,Godsmack,0,Country / Rock
16,Highly Suspect,0,Country / Rock
19 Somethin',Mark Wills,0,Country / Rock
21 Questions,50 Cent ,1,Hip Hop / RnB
5-1-5-0,Dierks Bentley,0,Country / Rock
7/11,Beyoncé,1,Hip Hop / RnB
911 Is a Joke,Public Enemy,1,Hip Hop / RnB
A Better Man,Clint Black,0,Country / Rock
A Broken Wing,Martina McBride,0,Country / Rock
A Good Run of Bad Luck,Clint Black,0,Country / Rock
A Guy Walks Into a Bar,Tyler Farr,0,Country / Rock
A Guy with a Girl,Blake Shelton,0,Country / Rock
A Jukebox with a Country Song,Doug Stone,0,Country / Rock
A Little Bit Stronger,Sara Evans,0,Country / Rock
A Little More Country Than That,Easton Corbin,0,Country / Rock
A Man This Lonely,Brooks & Dunn,0,Country / Rock
A Milli,Lil Wayne,1,Hip Hop / RnB
A Real Fine Place to Start,Sara Evans,0,Country / Rock
A Reason to Fight,Disturbed,0,Country / Rock
A Song for Mama,Boyz II Men,1,Hip Hop / RnB
A Woman in Love,Ronnie Milsap,0,Country / Rock
A Woman Like You,Lee Brice,0,Country / Rock
Above and Beyond,Rodney Crowell,0,Country / Rock
Ace in the Hole,George Strait,0,Country / Rock
Achy Breaky Heart,Billy Ray Cyrus,0,Country / Rock
Addicted to You,LeVert,1,Hip Hop / RnB
Addictive Love,BeBe & CeCe Winans,1,Hip Hop / RnB
Adorn,Miguel,1,Hip Hop / RnB
Aerials,System of a Down,0,Country / Rock
After All This Time,Rodney Crowell,0,Country / Rock
Ain't Goin' Down ('Til the Sun Comes Up),Garth Brooks,0,Country / Rock
Ain't Nobody Like You,Miki Howard,1,Hip Hop / RnB
Ain't Nothing 'bout You,Brooks & Dunn,0,Country / Rock
Ain't Nuthin' in the World,Miki Howard,1,Hip Hop / RnB
Ain't Worth the Whiskey,Cole Swindell,0,Country / Rock
Air Force Ones,Nelly ,1,Hip Hop / RnB
Alibis,Tracy Lawrence,0,Country / Rock
All-American Girl,Carrie Underwood,0,Country / Rock
All About Tonight,Blake Shelton,0,Country / Rock
All Around the World,Lisa Stansfield,1,Hip Hop / RnB
All Eyes On You,Meek Mill ,1,Hip Hop / RnB
All for You,Janet,1,Hip Hop / RnB
All I Do Is Think of You,Troop,1,Hip Hop / RnB
All I Want to Do,Sugarland,0,Country / Rock
All My Life,K-Ci & JoJo,1,Hip Hop / RnB
All of Me,John Legend,1,Hip Hop / RnB
All of My Love,The Gap Band,1,Hip Hop / RnB
All Over Me,Josh Turner,0,Country / Rock
All the Man That I Need,Whitney Houston,1,Hip Hop / RnB
All the Pretty Girls,Kenny Chesney,0,Country / Rock
All to Myself,Dan + Shay,0,Country / Rock
All Woman,Lisa Stansfield,1,Hip Hop / RnB
All Your Life,The Band Perry,0,Country / Rock
Almost Goodbye,Mark Chesnutt,0,Country / Rock
Alone with You,Jake Owen,0,Country / Rock
Alone with You,Tevin Campbell,1,Hip Hop / RnB
Already Gone,Sugarland,0,Country / Rock
Alright,Darius Rucker,0,Country / Rock
Always Be My Baby,Mariah Carey,1,Hip Hop / RnB
Always on Time,Ja Rule ,1,Hip Hop / RnB
Am I the Only One,Dierks Bentley,0,Country / Rock
Amazed,Lonestar,0,Country / Rock
Amen,Halestorm,0,Country / Rock
American Honey,Lady Antebellum,0,Country / Rock
American Honky-Tonk Bar Association,Garth Brooks,0,Country / Rock
American Kids,Kenny Chesney,0,Country / Rock
American Ride,Toby Keith,0,Country / Rock
American Soldier,Toby Keith,0,Country / Rock
AmeriKKKa's Most Wanted,Ice Cube,1,Hip Hop / RnB
Anaconda,Nicki Minaj,1,Hip Hop / RnB
Angel Eyes,Love and Theft,0,Country / Rock
Angels Fall,Breaking Benjamin,0,Country / Rock
Angry All the Time,Tim McGraw,0,Country / Rock
Animal I Have Become[64],Three Days Grace,0,Country / Rock
Animals,Nickelback,0,Country / Rock
Another Part of Me,Michael Jackson,1,Hip Hop / RnB
Another Way to Die,Disturbed,0,Country / Rock
Any Love,Luther Vandross,1,Hip Hop / RnB
Any Man of Mine,Shania Twain,0,Country / Rock
Any Ol' Barstool,Jason Aldean,0,Country / Rock
"Any Time, Any Place",Janet Jackson,1,Hip Hop / RnB
Anymore,Travis Tritt,0,Country / Rock
Anything but Mine,Kenny Chesney,0,Country / Rock
Anything Like Me,Brad Paisley,0,Country / Rock
Anywhere with You,Jake Owen,0,Country / Rock
Apocalyptic,Halestorm,0,Country / Rock
Are You Ever Gonna Love Me,Holly Dunn,0,Country / Rock
Are You Gonna Kiss Me or Not,Thompson Square,0,Country / Rock
Are You Lonely for Me,The Rude Boys,1,Hip Hop / RnB
Are You Ready,Disturbed,0,Country / Rock
Around the Way Girl,LL Cool J,1,Hip Hop / RnB
As Good as I Once Was,Toby Keith,0,Country / Rock
As She's Walking Away,Zac Brown Band ,0,Country / Rock
Ask Me How I Know,Garth Brooks,0,Country / Rock
Aston Martin Music,Rick Ross,1,Hip Hop / RnB
"Atlas, Rise!",Metallica,0,Country / Rock
Austin,Blake Shelton,0,Country / Rock
Awake,Godsmack,0,Country / Rock
Away from Me,Puddle of Mudd,0,Country / Rock
"Awful, Beautiful Life",Darryl Worley,0,Country / Rock
B.B.D. (I Thought It Was Me)?,Bell Biv DeVoe,1,Hip Hop / RnB
Baby,Brandy,1,Hip Hop / RnB
Baby's Gotten Good at Goodbye,George Strait,0,Country / Rock
Baby-Baby-Baby,TLC,1,Hip Hop / RnB
Baby Boy,Beyoncé ,1,Hip Hop / RnB
Baby Come to Me,Regina Belle,1,Hip Hop / RnB
Baby Hold On To Me,Gerald Levert with Eddie Levert,1,Hip Hop / RnB
Baby I'm Ready,LeVert,1,Hip Hop / RnB
Baby If You're Ready,Doggy's Angels,1,Hip Hop / RnB
Baby If You're Ready,Doggy's Angels ,1,Hip Hop / RnB
Back & Forth,Aaliyah,1,Hip Hop / RnB
Back to Life (However Do You Want Me),Soul II Soul,1,Hip Hop / RnB
Back to Life (However Do You Want Me),Soul II Soul ,1,Hip Hop / RnB
Back When,Tim McGraw,0,Country / Rock
Back When I Knew It All,Montgomery Gentry,0,Country / Rock
Bad,Wale ,1,Hip Hop / RnB
Bad and Boujee,Migos,1,Hip Hop / RnB
Bad Girlfriend,Theory of a Deadman,0,Country / Rock
Bag Lady,Erykah Badu,1,Hip Hop / RnB
Ballin' Boy,No Good,1,Hip Hop / RnB
Bang Bang,Green Day,0,Country / Rock
Banjo,Rascal Flatts,0,Country / Rock
Banned in the U.S.A.,Luke,1,Hip Hop / RnB
Barefoot Blue Jean Night,Jake Owen,0,Country / Rock
Bartender,Lady Antebellum,0,Country / Rock
Batdance,Prince,1,Hip Hop / RnB
Battle Born,Five Finger Death Punch,0,Country / Rock
Bayou Boys,Eddy Raven,0,Country / Rock
Be My Baby Tonight,John Michael Montgomery,0,Country / Rock
Be Without You,Mary J. Blige,1,Hip Hop / RnB
Be Yourself,Audioslave,0,Country / Rock
Beachin',Jake Owen,0,Country / Rock
Beat of the Music,Brett Eldredge,0,Country / Rock
Beautiful Crazy,Luke Combs,0,Country / Rock
Beautiful Mess,Diamond Rio,0,Country / Rock
Bed,J. Holiday,1,Hip Hop / RnB
BedRock,Young Money,1,Hip Hop / RnB
Been Away Too Long,Soundgarden,0,Country / Rock
Beer for My Horses,Toby Keith duet with Willie Nelson,0,Country / Rock
Beer in Mexico,Kenny Chesney,0,Country / Rock
Beer Never Broke My Heart,Luke Combs,0,Country / Rock
Before He Cheats,Carrie Underwood,0,Country / Rock
Before You Walk out of My Life / Like This and Like That,Monica,1,Hip Hop / RnB
Believe Me,Lil Wayne ,1,Hip Hop / RnB
Believe Me Baby (I Lied),Trisha Yearwood,0,Country / Rock
Berzerk,Eminem,1,Hip Hop / RnB
Best I Ever Had,Drake,1,Hip Hop / RnB
Best of Intentions,Travis Tritt,0,Country / Rock
Best of You,Foo Fighters,0,Country / Rock
Best Shot,Jimmie Allen,0,Country / Rock
Better as a Memory,Kenny Chesney,0,Country / Rock
Better Dig Two,The Band Perry,0,Country / Rock
Better Life,Keith Urban,0,Country / Rock
Better Man,Little Big Town,0,Country / Rock
Big Green Tractor,Jason Aldean,0,Country / Rock
Big Wheels in the Moonlight,Dan Seals,0,Country / Rock
Bigger Than the Beatles,Joe Diffie,0,Country / Rock
"Bills, Bills, Bills",Destiny's Child,1,Hip Hop / RnB
Birthday Sex,Jeremih,1,Hip Hop / RnB
Bitch Better Have My Money,Rihanna,1,Hip Hop / RnB
Black and Yellow,Wiz Khalifa,1,Hip Hop / RnB
Black Beatles,Rae Sremmurd,1,Hip Hop / RnB
Black Rose,Volbeat ,0,Country / Rock
Black Widow,Iggy Azalea,1,Hip Hop / RnB
Blame It,Jamie Foxx ,1,Hip Hop / RnB
Blame It on Your Heart,Patty Loveless,0,Country / Rock
Bless the Broken Road,Rascal Flatts,0,Country / Rock
Blessed,Martina McBride,0,Country / Rock
Blown Away,Carrie Underwood,0,Country / Rock
Blue Ain't Your Color,Keith Urban,0,Country / Rock
Blue Clear Sky,George Strait,0,Country / Rock
Blue on Black,Five Finger Death Punch ,0,Country / Rock
Blue Tacoma,Russell Dickerson,0,Country / Rock
Blurred Lines,Robin Thicke ,1,Hip Hop / RnB
Blurry[21],Puddle of Mudd,0,Country / Rock
Bodak Yellow (Money Moves),Cardi B,1,Hip Hop / RnB
Body Like a Back Road,Sam Hunt,0,Country / Rock
Bones,Young Guns,0,Country / Rock
Boom Boom Pow,The Black Eyed Peas,1,Hip Hop / RnB
Boombastic / In the Summertime,Shaggy,1,Hip Hop / RnB
Boot Scootin' Boogie,Brooks & Dunn,0,Country / Rock
Born for Greatness,Papa Roach,0,Country / Rock
Born to Fly,Sara Evans,0,Country / Rock
Bottoms Up,Brantley Gilbert,0,Country / Rock
Boulevard of Broken Dreams,Green Day,0,Country / Rock
Bounce with Me,Lil' Bow Wow,1,Hip Hop / RnB
Bounce with Me,Lil' Bow Wow ,1,Hip Hop / RnB
Bounce with Me,Lil Bow Wow ,1,Hip Hop / RnB
Bow Wow (That's My Name),Lil' Bow Wow,1,Hip Hop / RnB
Boys 'Round Here,Blake Shelton ,0,Country / Rock
Brand New Girlfriend,Steve Holy,0,Country / Rock
Brand New Man,Brooks & Dunn,0,Country / Rock
Break (2010)[100],Three Days Grace,0,Country / Rock
Break Up with Him,Old Dominion,0,Country / Rock
Break[4],Three Days Grace,0,Country / Rock
Breakdown,Tantric,0,Country / Rock
Breaking the Habit,Linkin Park,0,Country / Rock
Breath,Breaking Benjamin,0,Country / Rock
Breathe,Faith Hill,0,Country / Rock
Bring On the Rain,Jo Dee Messina with Tim McGraw,0,Country / Rock
Broccoli,DRAM,1,Hip Hop / RnB
Broken Halos,Chris Stapleton,0,Country / Rock
Brokenheartsville,Joe Nichols,0,Country / Rock
Brother Jukebox,Mark Chesnutt,0,Country / Rock
Bulletproof,Godsmack,0,Country / Rock
Bulletproof[20],Godsmack,0,Country / Rock
Bully[8],Shinedown,0,Country / Rock
Bump n' Grind,R. Kelly,1,Hip Hop / RnB
Burn,Usher,1,Hip Hop / RnB
Burn It Down,Linkin Park,0,Country / Rock
Burnin' It Down,Jason Aldean,0,Country / Rock
Burnin' Old Memories,Kathy Mattea,0,Country / Rock
But for the Grace of God,Keith Urban,0,Country / Rock
Buy Me a Rose,Kenny Rogers with Alison Krauss & Billy Dean,0,Country / Rock
Buy U a Drank (Shawty Snappin'),T-Pain ,1,Hip Hop / RnB
By Crooked Steps,Soundgarden,0,Country / Rock
By the Way,Red Hot Chili Peppers,0,Country / Rock
"Bye, Bye",Jo Dee Messina,0,Country / Rock
Californication,Red Hot Chili Peppers,0,Country / Rock
Call Me,Phil Perry,1,Hip Hop / RnB
Call Me D-Nice,D-Nice,1,Hip Hop / RnB
Call on Me,Janet with Nelly,1,Hip Hop / RnB
Callin' Me,Lil Zane,1,Hip Hop / RnB
Callin' Me,Lil Zane ,1,Hip Hop / RnB
Can't Be Friends,Trey Songz,1,Hip Hop / RnB
Can't Break It to My Heart,Tracy Lawrence,0,Country / Rock
Can't Feel My Face,The Weeknd,1,Hip Hop / RnB
Can't Get Over You,Maze,1,Hip Hop / RnB
Can't Get Over You,Maze ,1,Hip Hop / RnB
Can't Hold Us,Macklemore,1,Hip Hop / RnB
Can't Hold Us,Macklemore & Ryan Lewis ,1,Hip Hop / RnB
Can't Nobody Hold Me Down,Puff Daddy ,1,Hip Hop / RnB
Can't Stop,After 7,1,Hip Hop / RnB
Can I Trust You with My Heart,Travis Tritt,0,Country / Rock
Can We Talk,Tevin Campbell,1,Hip Hop / RnB
Can You Stand the Rain,New Edition,1,Hip Hop / RnB
Can You Stop the Rain,Peabo Bryson,1,Hip Hop / RnB
Candy Rain,Soul for Real,1,Hip Hop / RnB
Candy Shop,50 Cent ,1,Hip Hop / RnB
Carolina,Parmalee,0,Country / Rock
Carried Away,George Strait,0,Country / Rock
Carrying Your Love with Me,George Strait,0,Country / Rock
Cashin' Out,Cash Out,1,Hip Hop / RnB
Cathy's Clown,Reba McEntire,0,Country / Rock
Cha Cha Cha,MC Lyte,1,Hip Hop / RnB
Chains,Patty Loveless,0,Country / Rock
Chalk Outline,Three Days Grace,0,Country / Rock
Champagne,Cavo,0,Country / Rock
Change of Heart,The Judds,0,Country / Rock
Chattahoochee,Alan Jackson,0,Country / Rock
Check My Brain,Alice in Chains,0,Country / Rock
Check Yes or No,George Strait,0,Country / Rock
Check Yo Self,Ice Cube ,1,Hip Hop / RnB
Chicken Fried,Zac Brown Band,0,Country / Rock
Chillin' It,Cole Swindell,0,Country / Rock
Cleaning This Gun (Come On In Boy),Rodney Atkins,0,Country / Rock
Climax,Usher,1,Hip Hop / RnB
Closer Than Friends,Surface,1,Hip Hop / RnB
Cold Hard Bitch,Jet,0,Country / Rock
Colder Weather,Zac Brown Band,0,Country / Rock
Come a Little Closer,Dierks Bentley,0,Country / Rock
Come and Talk to Me,Jodeci,1,Hip Hop / RnB
Come Around,Papa Roach,0,Country / Rock
Come Back Song,Darius Rucker,0,Country / Rock
Come Cryin' to Me,Lonestar,0,Country / Rock
Come from the Heart,Kathy Mattea,0,Country / Rock
Come Next Monday,K. T. Oslin,0,Country / Rock
Come Over,Kenny Chesney,0,Country / Rock
Coming Down,Five Finger Death Punch,0,Country / Rock
Coming for You,The Offspring,0,Country / Rock
Compass,Lady Antebellum,0,Country / Rock
Confessions Part II,Usher,1,Hip Hop / RnB
Congregation,Foo Fighters,0,Country / Rock
Consider Me Gone,Reba[A],0,Country / Rock
Country Boy,Alan Jackson,0,Country / Rock
Country Grammar (Hot Shit),Nelly,1,Hip Hop / RnB
Country Must Be Country Wide,Brantley Gilbert,0,Country / Rock
Country Song[6],Seether,0,Country / Rock
"Courtesy of the Red, White and Blue (The Angry American)",Toby Keith,0,Country / Rock
Cowboy Casanova,Carrie Underwood,0,Country / Rock
Cowboy Take Me Away,Dixie Chicks,0,Country / Rock
Crank That (Soulja Boy),Soulja Boy,1,Hip Hop / RnB
Crash and Burn,Thomas Rhett,0,Country / Rock
Crash My Party,Luke Bryan,0,Country / Rock
Craving You,Thomas Rhett ,0,Country / Rock
Crazy,The Boys,1,Hip Hop / RnB
Crazy Girl,Eli Young Band,0,Country / Rock
Crazy in Love,Beyoncé ,1,Hip Hop / RnB
Creep,TLC,1,Hip Hop / RnB
Criticize,Adelitas Way,0,Country / Rock
Cruise,Florida Georgia Line,0,Country / Rock
Cry for You,Jodeci,1,Hip Hop / RnB
Cryin' Like a Bitch,Godsmack,0,Country / Rock
Cut the Cord,Shinedown,0,Country / Rock
Cyanide,Metallica,0,Country / Rock
Da Butt,E.U.,1,Hip Hop / RnB
Daddy's Come Around,Paul Overstreet,0,Country / Rock
Daddy's Little Girl,Nikki D,1,Hip Hop / RnB
Daddy's Money,Ricochet,0,Country / Rock
Dallas,Alan Jackson,0,Country / Rock
Damn!,YoungBloodz ,1,Hip Hop / RnB
Dance Macabre,Ghost,0,Country / Rock
Danger (Been So Long),Mystikal ,1,Hip Hop / RnB
Dani California,Red Hot Chili Peppers,0,Country / Rock
Dansin wit Wolvez,Strik 9ine,1,Hip Hop / RnB
Dark Necessities,Red Hot Chili Peppers,0,Country / Rock
Days Go By,Keith Urban,0,Country / Rock
Dead and Gone,T.I. ,1,Hip Hop / RnB
Deal with the Devil,Pop Evil,0,Country / Rock
Deeper Than the Holler,Randy Travis,0,Country / Rock
Déjà Vu,Beyoncé ,1,Hip Hop / RnB
Deuces,Chris Brown ,1,Hip Hop / RnB
Devil,Shinedown,0,Country / Rock
Devour,Shinedown,0,Country / Rock
Dial My Heart,The Boys,1,Hip Hop / RnB
Diamond Eyes (Boom-Lay Boom-Lay Boom),Shinedown,0,Country / Rock
Diamonds,Rihanna,1,Hip Hop / RnB
Diamonds and Pearls,Prince and the New Power Generation,1,Hip Hop / RnB
Die a Happy Man,Thomas Rhett,0,Country / Rock
Differences,Ginuwine,1,Hip Hop / RnB
Dilemma,Nelly ,1,Hip Hop / RnB
Dirt,Florida Georgia Line,0,Country / Rock
Dirt on My Boots,Jon Pardi,0,Country / Rock
Dirt Road Anthem,Jason Aldean,0,Country / Rock
Do I Make You Wanna,Billy Currington,0,Country / Rock
Do It to Me,Lionel Richie,1,Hip Hop / RnB
Do Me Again,Freddie Jackson,1,Hip Hop / RnB
Do You Believe Me Now,Jimmy Wayne,0,Country / Rock
Do Your Worst,Rival Sons,0,Country / Rock
Does He Love You,Reba McEntire with Linda Davis,0,Country / Rock
Doin' What She Likes,Blake Shelton,0,Country / Rock
Don't Be Afraid,Aaron Hall,1,Hip Hop / RnB
Don't Be Cruel,Bobby Brown,1,Hip Hop / RnB
Don't Blink,Kenny Chesney,0,Country / Rock
Don't Forget About Us,Mariah Carey,1,Hip Hop / RnB
Don't Get Me Started,Rhett Akins,0,Country / Rock
Don't Happen Twice,Kenny Chesney,0,Country / Rock
Don't It,Billy Currington,0,Country / Rock
Don't Let Go (Love),En Vogue,1,Hip Hop / RnB
Don't Let Our Love Start Slippin' Away,Vince Gill,0,Country / Rock
Don't Mind,Kent Jones,1,Hip Hop / RnB
Don't Rock the Jukebox,Alan Jackson,0,Country / Rock
Don't Take It Personal,Jermaine Jackson,1,Hip Hop / RnB
Don't Take It Personal (Just One of Dem Days),Monica,1,Hip Hop / RnB
Don't Take the Girl,Tim McGraw,0,Country / Rock
Don't Tell 'Em,Jeremih ,1,Hip Hop / RnB
Don't Think I Don't Think About It,Darius Rucker,0,Country / Rock
Don't Wanna Change the World,Phyllis Hyman,1,Hip Hop / RnB
Don't Ya,Brett Eldredge,0,Country / Rock
Don't You Ever Get Tired (Of Hurting Me),Ronnie Milsap,0,Country / Rock
Don't You Wanna Stay,Jason Aldean and Kelly Clarkson,0,Country / Rock
Done,The Band Perry,0,Country / Rock
Down Home,Alabama,0,Country / Rock
Down Low (Nobody Has to Know),R. Kelly ,1,Hip Hop / RnB
Down the Road,Kenny Chesney with Mac McAnally,0,Country / Rock
Downtown,Lady Antebellum,0,Country / Rock
Drank in My Cup,Kirko Bangz,1,Hip Hop / RnB
Dreamin',Vanessa Williams,1,Hip Hop / RnB
Dreaming with My Eyes Open,Clay Walker,0,Country / Rock
Drift & Die,Puddle of Mudd,0,Country / Rock
Drink a Beer,Luke Bryan,0,Country / Rock
Drink in My Hand,Eric Church,0,Country / Rock
Drink on It,Blake Shelton,0,Country / Rock
Drink to That All Night,Jerrod Niemann,0,Country / Rock
Drive (For Daddy Gene),Alan Jackson,0,Country / Rock
Drop It Like It's Hot,Snoop Dogg ,1,Hip Hop / RnB
Drowns the Whiskey,Jason Aldean ,0,Country / Rock
Drunk in Love,Beyoncé ,1,Hip Hop / RnB
Drunk Last Night,Eli Young Band,0,Country / Rock
Drunk on a Plane,Dierks Bentley,0,Country / Rock
Drunk on You,Luke Bryan,0,Country / Rock
Duck and Run,3 Doors Down,0,Country / Rock
Dust on the Bottle,David Lee Murphy,0,Country / Rock
Earned It,The Weeknd,1,Hip Hop / RnB
"Easy Come, Easy Go",George Strait,0,Country / Rock
Edge of a Revolution,Nickelback,0,Country / Rock
Emotionless,Red Sun Rising,0,Country / Rock
Emotions,Mariah Carey,1,Hip Hop / RnB
Empire State of Mind,Jay-Z,1,Hip Hop / RnB
Empire State of Mind,Jay-Z ,1,Hip Hop / RnB
End of the Road,Boyz II Men,1,Hip Hop / RnB
Escapade,Janet Jackson,1,Hip Hop / RnB
Even If It Breaks Your Heart,Eli Young Band,0,Country / Rock
Even Though I'm Leaving,Luke Combs,0,Country / Rock
Every Little Step,Bobby Brown,1,Hip Hop / RnB
Every Little Thing,Carly Pearce,0,Country / Rock
Every Little Thing,Russell Dickerson,0,Country / Rock
Every Mile a Memory,Dierks Bentley,0,Country / Rock
Every Storm (Runs Out of Rain),Gary Allan,0,Country / Rock
Every Time I Hear That Song,Blake Shelton,0,Country / Rock
Everybody Wants to Go to Heaven,Kenny Chesney with The Wailers[A],0,Country / Rock
Everything's Gonna Be Alright,David Lee Murphy and Kenny Chesney,0,Country / Rock
Everything I Miss at Home,Cherrelle,1,Hip Hop / RnB
Everything to Me,Monica,1,Hip Hop / RnB
Everywhere,Tim McGraw,0,Country / Rock
Exclusivity,Damian Dame,1,Hip Hop / RnB
Excuse Me Miss,Jay-Z,1,Hip Hop / RnB
Exhale (Shoop Shoop),Whitney Houston,1,Hip Hop / RnB
Expression,Salt-n-Pepa,1,Hip Hop / RnB
Eyes on You,Chase Rice,0,Country / Rock
Face Everything and Rise,Papa Roach,0,Country / Rock
Face to the Floor,Chevelle,0,Country / Rock
Failure[14],Breaking Benjamin,0,Country / Rock
Fake It,Seether,0,Country / Rock
Fall for Your Type,Jamie Foxx ,1,Hip Hop / RnB
Fall to Pieces,Velvet Revolver,0,Country / Rock
Fallin',Alicia Keys,1,Hip Hop / RnB
Family Affair,Mary J. Blige,1,Hip Hop / RnB
Fancy,Drake,1,Hip Hop / RnB
Fancy,Iggy Azalea,1,Hip Hop / RnB
Fantasy,Mariah Carey,1,Hip Hop / RnB
Fast,Luke Bryan,0,Country / Rock
Fast Cars and Freedom,Rascal Flatts,0,Country / Rock
Father of All...,Green Day,0,Country / Rock
Feel Invincible,Skillet,0,Country / Rock
Feel That Fire,Dierks Bentley,0,Country / Rock
Feels Good,Tony! Toni! Toné!,1,Hip Hop / RnB
Feels Good (Don't Worry Bout a Thing),Naughty by Nature ,1,Hip Hop / RnB
Felt Good on My Lips,Tim McGraw,0,Country / Rock
Fiesta,R. Kelly ,1,Hip Hop / RnB
Fight the Power,Public Enemy,1,Hip Hop / RnB
Figured You Out[44],Nickelback,0,Country / Rock
Find Out Who Your Friends Are,Tracy Lawrence,0,Country / Rock
Fishnet,Morris Day,1,Hip Hop / RnB
Five Minutes,Lorrie Morgan,0,Country / Rock
Five More Minutes,Scotty McCreery,0,Country / Rock
Flamboyant,Big L,1,Hip Hop / RnB
Fly Over States,Jason Aldean,0,Country / Rock
Follow Me Down,The Pretty Reckless,0,Country / Rock
Foolish,Ashanti,1,Hip Hop / RnB
Foolish Pride,Travis Tritt,0,Country / Rock
Footsteps,Pop Evil,0,Country / Rock
For My Broken Heart,Reba McEntire,0,Country / Rock
For the First Time,Darius Rucker,0,Country / Rock
Forever,Drake ,1,Hip Hop / RnB
Forever's as Far as I'll Go,Alabama,0,Country / Rock
Forever My Lady,Jodeci,1,Hip Hop / RnB
Forever Together,Randy Travis,0,Country / Rock
Fortunate,Maxwell,1,Hip Hop / RnB
FourFiveSeconds,Rihanna ,1,Hip Hop / RnB
Freak Like Me,Halestorm,0,Country / Rock
Freak Me,Silk,1,Hip Hop / RnB
Free,Zac Brown Band,0,Country / Rock
Free and Easy (Down the Road I Go),Dierks Bentley,0,Country / Rock
Friend of Mine,Kelly Price,1,Hip Hop / RnB
Friends in Low Places,Garth Brooks,0,Country / Rock
From a Jack to a King,Ricky Van Shelton,0,Country / Rock
From Here to Eternity,Michael Peterson,0,Country / Rock
Frontin',Pharrell ,1,Hip Hop / RnB
Fuckin' Problems,ASAP Rocky ,1,Hip Hop / RnB
Funhouse,Kid 'n Play,1,Hip Hop / RnB
G.H.E.T.T.O.U.T.,Changing Faces,1,Hip Hop / RnB
Games,Chuckii Booker,1,Hip Hop / RnB
Gangnam Style,Psy,1,Hip Hop / RnB
Gangsta Lean,DRS,1,Hip Hop / RnB
Get Along,Kenny Chesney,0,Country / Rock
Get Busy,Sean Paul,1,Hip Hop / RnB
Get It on Tonite,Montell Jordan,1,Hip Hop / RnB
Get Low,Lil Jon & the East Side Boyz ,1,Hip Hop / RnB
Get Me Some of That,Thomas Rhett,0,Country / Rock
"Get Outta My Dreams, Get into My Car",Billy Ocean,1,Hip Hop / RnB
Get Up,Shinedown,0,Country / Rock
Get Your Shine On,Florida Georgia Line,0,Country / Rock
Gettin' You Home (The Black Dress Song),Chris Young,0,Country / Rock
Gimmie That Girl,Joe Nichols,0,Country / Rock
Girl,Maren Morris,0,Country / Rock
Girl Crush,Little Big Town,0,Country / Rock
Girl I Got My Eyes On You,Today,1,Hip Hop / RnB
Girl in a Country Song,Maddie & Tae,0,Country / Rock
Girl Like You,Jason Aldean,0,Country / Rock
Girlfriend,Pebbles,1,Hip Hop / RnB
Girls Lie Too,Terri Clark,0,Country / Rock
Give It Away,George Strait,0,Country / Rock
Give Me Back My Hometown,Eric Church,0,Country / Rock
Giving Him Something He Can Feel,En Vogue,1,Hip Hop / RnB
Giving You the Benefit,Pebbles,1,Hip Hop / RnB
Giving You the Best That I Got,Anita Baker,1,Hip Hop / RnB
Go to War,Nothing More,0,Country / Rock
God's Country,Blake Shelton,0,Country / Rock
God's Plan,Drake,1,Hip Hop / RnB
God Gave Me You,Blake Shelton,0,Country / Rock
God Love Her,Toby Keith,0,Country / Rock
"God, Your Mama, and Me",Florida Georgia Line ,0,Country / Rock
Gold Digger,EPMD,1,Hip Hop / RnB
Gold Digger,Kanye West ,1,Hip Hop / RnB
Gone Country,Alan Jackson,0,Country / Rock
Gonna,Blake Shelton,0,Country / Rock
Gonna Get a Life,Mark Chesnutt,0,Country / Rock
Gonna Make You Sweat (Everybody Dance Now),C&C Music Factory ,1,Hip Hop / RnB
Good as You,Kane Brown,0,Country / Rock
Good Directions,Billy Currington,0,Country / Rock
Good Girl,Carrie Underwood,0,Country / Rock
Good Girl,Dustin Lynch,0,Country / Rock
Good Kisser,Usher,1,Hip Hop / RnB
Good Life,Kanye West ,1,Hip Hop / RnB
Good Morning Beautiful,Steve Holy,0,Country / Rock
Good Time,Alan Jackson,0,Country / Rock
Good Times,Dan Seals,0,Country / Rock
Good Vibes,Chris Janson,0,Country / Rock
Goodbye in Her Eyes,Zac Brown Band,0,Country / Rock
Goodies,Ciara ,1,Hip Hop / RnB
Greatest Love Story,Lanco,0,Country / Rock
Grillz,Nelly ,1,Hip Hop / RnB
Grown Men Don't Cry,Tim McGraw,0,Country / Rock
Guilty All the Same,Linkin Park ,0,Country / Rock
Guys Do It All the Time,Mindy McCready,0,Country / Rock
Hail to the King,Avenged Sevenfold,0,Country / Rock
Happy,Pharrell Williams,1,Hip Hop / RnB
Happy?,Mudvayne,0,Country / Rock
Hard Rock Bottom of Your Heart,Randy Travis,0,Country / Rock
Hard to Love,Lee Brice,0,Country / Rock
Hardwired,Metallica,0,Country / Rock
Hate It or Love It,The Game ,1,Hip Hop / RnB
Have You Forgotten?,Darryl Worley,0,Country / Rock
Have You Had Your Love Today,The O'Jays,1,Hip Hop / RnB
He Didn't Have to Be,Brad Paisley,0,Country / Rock
He Wasn't Man Enough,Toni Braxton,1,Hip Hop / RnB
Headlines,Drake,1,Hip Hop / RnB
Headstrong[37],Trapt,0,Country / Rock
Heart Like Mine,Miranda Lambert,0,Country / Rock
Heartbreak Hotel,Whitney Houston ,1,Hip Hop / RnB
Heartbreaker,Mariah Carey ,1,Hip Hop / RnB
Heartland,George Strait,0,Country / Rock
Heartless,Kanye West,1,Hip Hop / RnB
Heaven,Kane Brown,0,Country / Rock
Heaven Knows[12],The Pretty Reckless,0,Country / Rock
Heaven nor Hell,Volbeat,0,Country / Rock
Heaven Sent,Keyshia Cole,1,Hip Hop / RnB
Heavy Is the Head,Zac Brown Band ,0,Country / Rock
Hell of a Night,Dustin Lynch,0,Country / Rock
Helluva Life,Frankie Ballard,0,Country / Rock
Help,Papa Roach,0,Country / Rock
Help Me Hold On,Travis Tritt,0,Country / Rock
Here,Rascal Flatts,0,Country / Rock
Here and Now,Luther Vandross,1,Hip Hop / RnB
Here Comes Goodbye,Rascal Flatts,0,Country / Rock
Here I Go Again,Glenn Jones,1,Hip Hop / RnB
Here Tonight,Brett Young,0,Country / Rock
Hero,Chad Kroeger ,0,Country / Rock
Heroin,Badflower,0,Country / Rock
Hey Girl,Billy Currington,0,Country / Rock
Hey Lover,Freddie Jackson,1,Hip Hop / RnB
High Cotton,Alabama,0,Country / Rock
Higher,Creed,0,Country / Rock
Highest in the Room,Travis Scott,1,Hip Hop / RnB
Highway 20 Ride,Zac Brown Band,0,Country / Rock
Highway Don't Care,Tim McGraw with Taylor Swift,0,Country / Rock
Highway Tune,Greta Van Fleet,0,Country / Rock
Hillbilly Bone,Blake Shelton ,0,Country / Rock
Hip Hop Hooray,Naughty By Nature,1,Hip Hop / RnB
Hit Me Off,New Edition,1,Hip Hop / RnB
Hold Me,K. T. Oslin,0,Country / Rock
Hold On,En Vogue,1,Hip Hop / RnB
"Hold On, We're Going Home",Drake ,1,Hip Hop / RnB
Hold You Down,DJ Khaled ,1,Hip Hop / RnB
Holdin' Heaven,Tracy Byrd,0,Country / Rock
Holiday,Green Day,0,Country / Rock
Hollow,Alice in Chains,0,Country / Rock
Holy Grail,Jay-Z,1,Hip Hop / RnB
Holy Grail,Jay-Z ,1,Hip Hop / RnB
Home,Blake Shelton,0,Country / Rock
Home,Dierks Bentley,0,Country / Rock
Home,Joe Diffie,0,Country / Rock
Home,Stephanie Mills,1,Hip Hop / RnB
Homegrown,Zac Brown Band,0,Country / Rock
Homey Don't Play Dat,Terminator X,1,Hip Hop / RnB
Honey Bee,Blake Shelton,0,Country / Rock
Honey Love,R. Kelly and Public Announcement,1,Hip Hop / RnB
"Honey, I'm Home",Shania Twain,0,Country / Rock
Hope You Get Lonely Tonight,Cole Swindell,0,Country / Rock
Hot Boy,Bobby Shmurda,1,Hip Hop / RnB
Hot Boyz,Missy Elliott,1,Hip Hop / RnB
Hot Boyz,Missy Elliott ,1,Hip Hop / RnB
Hot Boyz,Missy Misdemeanor Elliott ,1,Hip Hop / RnB
Hot in Here,Nelly,1,Hip Hop / RnB
Hot in Herre,Nelly,1,Hip Hop / RnB
Hotel Key,Old Dominion,0,Country / Rock
Hotline Bling,Drake,1,Hip Hop / RnB
House Party,Sam Hunt,0,Country / Rock
How Can I Ease the Pain,Lisa Fischer,1,Hip Hop / RnB
How Country Feels,Randy Houser,0,Country / Rock
How Deep Is Your Love,Dru Hill ,1,Hip Hop / RnB
How Did You Love,Shinedown,0,Country / Rock
How Do I Get There,Deana Carter,0,Country / Rock
How Do U Want It / California Love,2Pac ,1,Hip Hop / RnB
How Do You Like Me Now?!,Toby Keith,0,Country / Rock
How Forever Feels,Kenny Chesney,0,Country / Rock
How Long Gone,Brooks & Dunn,0,Country / Rock
How Not To,Dan + Shay,0,Country / Rock
How Was I to Know,Reba McEntire,0,Country / Rock
How You Remind Me,Nickelback,0,Country / Rock
How Your Love Makes Me Feel,Diamond Rio,0,Country / Rock
Humble,Kendrick Lamar,1,Hip Hop / RnB
Humpin' Around,Bobby Brown,1,Hip Hop / RnB
Hurricane,Luke Combs,0,Country / Rock
Husbands and Wives,Brooks & Dunn,0,Country / Rock
Hypnotize,The Notorious B.I.G.,1,Hip Hop / RnB
I'd Love You All Over Again,Alan Jackson,0,Country / Rock
I'll Be Good to You,Quincy Jones ,1,Hip Hop / RnB
I'll Be Missing You,Puff Daddy ,1,Hip Hop / RnB
I'll Be There For You / You're All I Need to Get By,Method Man ,1,Hip Hop / RnB
I'll Do 4 U,Father MC,1,Hip Hop / RnB
I'll Give All My Love to You,Keith Sweat,1,Hip Hop / RnB
I'll Make Love to You,Boyz II Men,1,Hip Hop / RnB
I'll Name the Dogs,Blake Shelton,0,Country / Rock
I'll Take You There,BeBe & CeCe Winans,1,Hip Hop / RnB
I'll Think of Something,Mark Chesnutt,0,Country / Rock
I'll Try,Alan Jackson,0,Country / Rock
I'm a Flirt,R. Kelly ,1,Hip Hop / RnB
I'm Already There,Lonestar,0,Country / Rock
I'm Alright,Jo Dee Messina,0,Country / Rock
I'm Comin' Over,Chris Young,0,Country / Rock
I'm Dreamin',Christopher Williams,1,Hip Hop / RnB
I'm Gonna Miss Her (The Fishin' Song),Brad Paisley,0,Country / Rock
I'm in a Hurry (And Don't Know Why),Alabama,0,Country / Rock
I'm Just Talkin' About Tonight,Toby Keith,0,Country / Rock
I'm No Stranger to the Rain,Keith Whitley,0,Country / Rock
I'm on One,DJ Khaled,1,Hip Hop / RnB
I'm On One,DJ Khaled ,1,Hip Hop / RnB
I'm Still a Guy,Brad Paisley,0,Country / Rock
I'm Still Crazy,Vern Gosdin,0,Country / Rock
I'm That Type of Guy,LL Cool J,1,Hip Hop / RnB
I'm the One,DJ Khaled,1,Hip Hop / RnB
I'm Your Baby Tonight,Whitney Houston,1,Hip Hop / RnB
I've Come to Expect It from You,George Strait,0,Country / Rock
I've Cried My Last Tear for You,Ricky Van Shelton,0,Country / Rock
I Adore Mi Amore,Color Me Badd,1,Hip Hop / RnB
I Am a Simple Man,Ricky Van Shelton,0,Country / Rock
I Am Machine,Three Days Grace,0,Country / Rock
I Believe,Diamond Rio,0,Country / Rock
I Believe I Can Fly,R. Kelly,1,Hip Hop / RnB
"I Breathe In, I Breathe Out",Chris Cagle,0,Country / Rock
I Can't Sleep Baby (If I),R. Kelly,1,Hip Hop / RnB
I Can't Wait Another Minute,Hi-Five,1,Hip Hop / RnB
I Can Love You Like That,John Michael Montgomery,0,Country / Rock
I Can Still Feel You,Collin Raye,0,Country / Rock
I Could Use a Love Song,Maren Morris,0,Country / Rock
I Cross My Heart,George Strait,0,Country / Rock
I Cry,Flo Rida,1,Hip Hop / RnB
I Didn't Know My Own Strength,Lorrie Morgan,0,Country / Rock
I Disappear,Metallica,0,Country / Rock
I Don't Call Him Daddy,Doug Supernaw,0,Country / Rock
I Don't Care,Apocalyptica ,0,Country / Rock
I Don't Dance,Lee Brice,0,Country / Rock
I Don't Even Know Your Name,Alan Jackson,0,Country / Rock
I Don't Fuck with You,Big Sean,1,Hip Hop / RnB
I Don't Know About You,Chris Lane,0,Country / Rock
I Don't Mind,Usher ,1,Hip Hop / RnB
I Don't Wanna Stop,Ozzy Osbourne,0,Country / Rock
I Don't Want This Night to End,Luke Bryan,0,Country / Rock
I Don't Want to Miss a Thing,Mark Chesnutt,0,Country / Rock
I Don't Want to Spoil the Party,Rosanne Cash,0,Country / Rock
I Drive Your Truck,Lee Brice,0,Country / Rock
I Get Lonely,Janet and Blackstreet,1,Hip Hop / RnB
I Got Dreams,Steve Wariner,0,Country / Rock
I Got to Have It,Ed O.G.,1,Hip Hop / RnB
I Hate Everything,George Strait,0,Country / Rock
I Hold On,Dierks Bentley,0,Country / Rock
I Hope You Dance,Lee Ann Womack with Sons of the Desert,0,Country / Rock
I Invented Sex,Trey Songz ,1,Hip Hop / RnB
I Just Wanna Luv U (Give It 2 Me),Jay-Z,1,Hip Hop / RnB
I Just Want to Dance with You,George Strait,0,Country / Rock
I Just Wanted You to Know,Mark Chesnutt,0,Country / Rock
I Like It,Cardi B,1,Hip Hop / RnB
"I Like It, I Love It",Tim McGraw,0,Country / Rock
I Like the Way (The Kissing Game),Hi-Five,1,Hip Hop / RnB
I Love the Way You Love Me,John Michael Montgomery,0,Country / Rock
I Love This Bar,Toby Keith,0,Country / Rock
I Love You,Martina McBride,0,Country / Rock
I Love Your Smile,Shanice,1,Hip Hop / RnB
I Loved Her First,Heartland,0,Country / Rock
I Miss My Friend,Darryl Worley,0,Country / Rock
I Need a Girl (Part One),P. Diddy ,1,Hip Hop / RnB
I Only Lie When I Love You,Royal Blood,0,Country / Rock
I Remember,Keyshia Cole,1,Hip Hop / RnB
I Run to You,Lady Antebellum,0,Country / Rock
I Sang Dixie,Dwight Yoakam,0,Country / Rock
I Saw God Today,George Strait,0,Country / Rock
I Saw the Light,Wynonna,0,Country / Rock
I See You,Luke Bryan,0,Country / Rock
I Stand Alone,Godsmack,0,Country / Rock
I Still Believe in You,The Desert Rose Band,0,Country / Rock
I Still Believe in You,Vince Gill,0,Country / Rock
I Swear,John Michael Montgomery,0,Country / Rock
I Think They Like Me,Dem Franchize Boyz ,1,Hip Hop / RnB
I Wanna Be Down,Brandy,1,Hip Hop / RnB
I Wanna Sex You Up,Color Me Badd,1,Hip Hop / RnB
I Wanna Talk About Me,Toby Keith,0,Country / Rock
I Want Her,Keith Sweat,1,Hip Hop / RnB
I Was Jack (You Were Diane),Jake Owen,0,Country / Rock
I Will Always Love You,Whitney Houston,1,Hip Hop / RnB
I Will Not Bow,Breaking Benjamin,0,Country / Rock
I Wish,Carl Thomas,1,Hip Hop / RnB
I Wish,R. Kelly,1,Hip Hop / RnB
I Wonder Do You Think of Me,Keith Whitley,0,Country / Rock
Ice Ice Baby,Vanilla Ice,1,Hip Hop / RnB
If Bubba Can Dance (I Can Too),Shenandoah,0,Country / Rock
If Heaven Wasn't So Far Away,Justin Moore,0,Country / Rock
If I Ain't Got You,Alicia Keys,1,Hip Hop / RnB
If I Could Make a Living,Clay Walker,0,Country / Rock
If I Didn't Have You,Randy Travis,0,Country / Rock
If I Didn't Have You,Thompson Square,0,Country / Rock
If I Die Young,The Band Perry,0,Country / Rock
If I Ever Fall in Love,Shai,1,Hip Hop / RnB
If I Had You,Alabama,0,Country / Rock
If I Know Me,George Strait,0,Country / Rock
If I Told You,Darius Rucker,0,Country / Rock
If the Devil Danced (In Empty Pockets),Joe Diffie,0,Country / Rock
If the Good Die Young,Tracy Lawrence,0,Country / Rock
If Tomorrow Never Comes,Garth Brooks,0,Country / Rock
If You're Going Through Hell (Before the Devil Even Knows),Rodney Atkins,0,Country / Rock
If You've Got Love,John Michael Montgomery,0,Country / Rock
If You Ever Stop Loving Me,Montgomery Gentry,0,Country / Rock
If You See Him/If You See Her,Reba McEntire/Brooks & Dunn,0,Country / Rock
If Your Girl Only Knew,Aaliyah,1,Hip Hop / RnB
In a Different Light,Doug Stone,0,Country / Rock
In a Letter to You,Eddy Raven,0,Country / Rock
In a Real Love,Phil Vassar,0,Country / Rock
In Case You Didn't Know,Brett Young,0,Country / Rock
In da Club,50 Cent,1,Hip Hop / RnB
In My Bed,Dru Hill,1,Hip Hop / RnB
In My Feelings,Drake,1,Hip Hop / RnB
In the Closet,Michael Jackson,1,Hip Hop / RnB
In This Life,Collin Raye,0,Country / Rock
Incomplete,Sisqó,1,Hip Hop / RnB
Independent,Webbie ,1,Hip Hop / RnB
Independent Women Part I,Destiny's Child,1,Hip Hop / RnB
Infra-Red,Three Days Grace,0,Country / Rock
Inside the Fire,Disturbed,0,Country / Rock
Irreplaceable,Beyoncé,1,Hip Hop / RnB
Is It Still Over?,Randy Travis,0,Country / Rock
Is There Life Out There,Reba McEntire,0,Country / Rock
Isolation,Alter Bridge,0,Country / Rock
iSpy,Kyle,1,Hip Hop / RnB
It's a Little Too Late,Mark Chesnutt,0,Country / Rock
It's a Shame (My Sister),Monie Love,1,Hip Hop / RnB
It's America,Rodney Atkins,0,Country / Rock
It's Been Awhile[17],Staind,0,Country / Rock
It's Five O'Clock Somewhere,Alan Jackson and Jimmy Buffett,0,Country / Rock
It's Funky Enough,The D.O.C.,1,Hip Hop / RnB
It's Getting Better All the Time,Brooks & Dunn,0,Country / Rock
It's Goin' Down,Yung Joc,1,Hip Hop / RnB
It's Gonna Be Alright,Ruby Turner,1,Hip Hop / RnB
It's Just a Matter of Time,Randy Travis,0,Country / Rock
It's No Crime,Babyface,1,Hip Hop / RnB
It's Not My Time,3 Doors Down,0,Country / Rock
It's OK,Slimm Calhoun,1,Hip Hop / RnB
It's OK,Slimm Calhoun ,1,Hip Hop / RnB
It's Over Now,112,1,Hip Hop / RnB
It's So Hard to Say Goodbye to Yesterday,Boyz II Men,1,Hip Hop / RnB
It's Your Love,Tim McGraw (with Faith Hill),0,Country / Rock
It Ain't Nothin',Keith Whitley,0,Country / Rock
It Goes Like This,Thomas Rhett,0,Country / Rock
It Happens,Sugarland,0,Country / Rock
It Just Comes Natural,George Strait,0,Country / Rock
It Kills Me,Melanie Fiona,1,Hip Hop / RnB
It Matters to Me,Faith Hill,0,Country / Rock
It Must Be Love,Alan Jackson,0,Country / Rock
It Must Be Love,Ty Herndon,0,Country / Rock
It Never Rains (In Southern California),Tony! Toni! Toné!,1,Hip Hop / RnB
It Should've Been You,Teddy Pendergrass,1,Hip Hop / RnB
It Sure Is Monday,Mark Chesnutt,0,Country / Rock
It Wasn't Me,Shaggy,1,Hip Hop / RnB
It Wasn't Me,Shaggy ,1,Hip Hop / RnB
It Won't Be Like This for Long,Darius Rucker,0,Country / Rock
Jaded,Aerosmith,0,Country / Rock
Jerk Out,The Time,1,Hip Hop / RnB
"Jesus, Take the Wheel",Carrie Underwood,0,Country / Rock
Joy,Teddy Pendergrass,1,Hip Hop / RnB
Joyride (Omen),Chevelle,0,Country / Rock
Jukebox in My Mind,Alabama,0,Country / Rock
Just a Dream,Carrie Underwood,0,Country / Rock
Just a Kiss,Lady Antebellum,0,Country / Rock
Just a Lil Bit,50 Cent,1,Hip Hop / RnB
Just Another Day in Paradise,Phil Vassar,0,Country / Rock
Just Because,Anita Baker,1,Hip Hop / RnB
Just Coolin',LeVert,1,Hip Hop / RnB
Just Coolin',LeVert ,1,Hip Hop / RnB
Just Gettin' Started,Jason Aldean,0,Country / Rock
Just Got Paid,Johnny Kemp,1,Hip Hop / RnB
Just Got Started Lovin' You,James Otto,0,Country / Rock
Just Kickin' It,Xscape,1,Hip Hop / RnB
Just Like You,Three Days Grace,0,Country / Rock
Just to See You Smile,Tim McGraw,0,Country / Rock
Keep It Between the Lines,Ricky Van Shelton,0,Country / Rock
Keep It Comin',Keith Sweat,1,Hip Hop / RnB
Keep Me in Mind,Zac Brown Band,0,Country / Rock
Keep On Movin',Soul II Soul,1,Hip Hop / RnB
Kick the Dust Up,Luke Bryan,0,Country / Rock
Killin' Time,Clint Black,0,Country / Rock
Kiss Me Thru the Phone,Soulja Boy ,1,Hip Hop / RnB
Kiss This,Aaron Tippin,0,Country / Rock
Kiss Tomorrow Goodbye,Luke Bryan,0,Country / Rock
Kiss You in the Morning,Michael Ray,0,Country / Rock
Kissing You,Keith Washington,1,Hip Hop / RnB
Knee Deep,Zac Brown Band ,0,Country / Rock
Knock You Down,Keri Hilson ,1,Hip Hop / RnB
Knockin' Boots,Candyman,1,Hip Hop / RnB
Knockin' Boots,Luke Bryan,0,Country / Rock
Knockin' Da Boots,H-Town,1,Hip Hop / RnB
Know Your Enemy,Green Day,0,Country / Rock
Kryptonite[6],3 Doors Down,0,Country / Rock
Ladies Love Country Boys,Trace Adkins,0,Country / Rock
Land of Confusion,Disturbed,0,Country / Rock
Last Day Under the Sun,Volbeat,0,Country / Rock
Last Dollar (Fly Away),Tim McGraw,0,Country / Rock
Last Name,Carrie Underwood,0,Country / Rock
Last Night,Az Yet,1,Hip Hop / RnB
Lately,Jodeci,1,Hip Hop / RnB
Lean Back,Terror Squad,1,Hip Hop / RnB
"Lean wit It, Rock wit It",Dem Franchize Boyz ,1,Hip Hop / RnB
Leap of Faith,Lionel Cartwright,0,Country / Rock
Leave the Night On,Sam Hunt,0,Country / Rock
Leave the Pieces,The Wreckers,0,Country / Rock
Legends,Kelsea Ballerini,0,Country / Rock
Let's Get Married,Jagged Edge,1,Hip Hop / RnB
Let's Ride,Montell Jordan ,1,Hip Hop / RnB
Let It Go,Keyshia Cole ,1,Hip Hop / RnB
Let It Rain,David Nail ,0,Country / Rock
Let Me Down Easy,Billy Currington,0,Country / Rock
Let Me Hear You Scream,Ozzy Osbourne,0,Country / Rock
Let Me Hold You,Bow Wow ,1,Hip Hop / RnB
Let Me Let Go,Faith Hill,0,Country / Rock
Let Me Love You,Mario,1,Hip Hop / RnB
Let Me Tell You About Love,The Judds,0,Country / Rock
Let the Beat Hit 'Em,Lisa Lisa and Cult Jam,1,Hip Hop / RnB
Let You Down,Seether,0,Country / Rock
Letter to Me,Brad Paisley,0,Country / Rock
Lettin' the Night Roll,Justin Moore,0,Country / Rock
Liar,Profyle,1,Hip Hop / RnB
Lies,En Vogue,1,Hip Hop / RnB
Lies of the Beautiful People,Sixx:A.M.,0,Country / Rock
Life Changes,Thomas Rhett,0,Country / Rock
Lifeline,Papa Roach,0,Country / Rock
Lift Me Up,Five Finger Death Punch,0,Country / Rock
Light It Up,Luke Bryan,0,Country / Rock
Lights Out,Royal Blood,0,Country / Rock
"Lights, Camera, Action!",Mr. Cheeks,1,Hip Hop / RnB
Like a Stone,Audioslave,0,Country / Rock
Like I Loved You,Brett Young,0,Country / Rock
Like the Rain,Clint Black,0,Country / Rock
Like You,Bow Wow ,1,Hip Hop / RnB
Like You'll Never See Me Again[3],Alicia Keys,1,Hip Hop / RnB
Little Bit of Everything,Keith Urban,0,Country / Rock
Little Bitty,Alan Jackson,0,Country / Rock
Little Miss Honky Tonk,Brooks & Dunn,0,Country / Rock
Little Monster,Royal Blood,0,Country / Rock
Little Walter,Tony! Toni! Toné!,1,Hip Hop / RnB
Live a Little,Kenny Chesney,0,Country / Rock
Live Like You Were Dying,Tim McGraw,0,Country / Rock
Live to Rise,Soundgarden,0,Country / Rock
Live Until I Die,Clay Walker,0,Country / Rock
Live Your Life,T.I. ,1,Hip Hop / RnB
Livin' on Love,Alan Jackson,0,Country / Rock
Living,Dierks Bentley,0,Country / Rock
Living and Living Well,George Strait,0,Country / Rock
Living in a Moment,Ty Herndon,0,Country / Rock
Living in Fast Forward,Kenny Chesney,0,Country / Rock
Living Proof,Ricky Van Shelton,0,Country / Rock
Lo/Hi,The Black Keys,0,Country / Rock
Lola Montez,Volbeat,0,Country / Rock
Lollipop,Lil Wayne ,1,Hip Hop / RnB
Lonely Tonight,Blake Shelton ,0,Country / Rock
Lonely Too Long,Patty Loveless,0,Country / Rock
Long Hot Summer,Keith Urban,0,Country / Rock
Longneck Bottle,Garth Brooks,0,Country / Rock
Look at Me Now,Chris Brown,1,Hip Hop / RnB
Look at Me Now,Chris Brown ,1,Hip Hop / RnB
"Look Heart, No Hands",Randy Travis,0,Country / Rock
Look What God Gave Her,Thomas Rhett,0,Country / Rock
Looking at the Front Door,Main Source,1,Hip Hop / RnB
Loosey's Rap,Rick James,1,Hip Hop / RnB
Lose It,Kane Brown,0,Country / Rock
Lose My Mind,Brett Eldredge,0,Country / Rock
Loser,3 Doors Down,0,Country / Rock
Losing Sleep,Chris Young,0,Country / Rock
Lost in This Moment,Big & Rich,0,Country / Rock
Lost Without U,Robin Thicke,1,Hip Hop / RnB
Lotus Flower Bomb,Wale ,1,Hip Hop / RnB
Love's Got a Hold on You,Alan Jackson,0,Country / Rock
Love Ain't,Eli Young Band,0,Country / Rock
Love Gets Me Every Time,Shania Twain,0,Country / Rock
Love in This Club,Usher ,1,Hip Hop / RnB
Love Makes Things Happen,Pebbles and Babyface,1,Hip Hop / RnB
Love Me Down,Freddie Jackson,1,Hip Hop / RnB
Love Me If You Can,Toby Keith,0,Country / Rock
Love Me Like You Mean It,Kelsea Ballerini,0,Country / Rock
Love of My Life (An Ode to Hip-Hop),Erykah Badu ,1,Hip Hop / RnB
Love on Arrival,Dan Seals,0,Country / Rock
Love on Top,Beyoncé,1,Hip Hop / RnB
Love Out Loud,Earl Thomas Conley,0,Country / Rock
Love Overboard,Gladys Knight & the Pips,1,Hip Hop / RnB
Love Saw It,Karyn White,1,Hip Hop / RnB
Love Story,Taylor Swift,0,Country / Rock
Love Takes Time,Mariah Carey,1,Hip Hop / RnB
Love the Way You Lie,Eminem,1,Hip Hop / RnB
"Love Without End, Amen",George Strait,0,Country / Rock
Love You Like That,Canaan Smith,0,Country / Rock
Love You Too Late,Cole Swindell,0,Country / Rock
"Love, Me",Collin Raye,0,Country / Rock
"Lover, Lover",Jerrod Niemann,0,Country / Rock
Loverboy,Mariah Carey ,1,Hip Hop / RnB
Lovers and Friends,Lil Jon & the East Side Boyz ,1,Hip Hop / RnB
Lovin' Only Me,Ricky Skaggs,0,Country / Rock
Loving Blind,Clint Black,0,Country / Rock
Loving You Easy,Zac Brown Band,0,Country / Rock
Low,Flo Rida ,1,Hip Hop / RnB
Lowlife,Theory of a Deadman,0,Country / Rock
Loyal,Chris Brown ,1,Hip Hop / RnB
Lucid Dreams,Juice Wrld,1,Hip Hop / RnB
Lucky Charm,The Boys,1,Hip Hop / RnB
Lucky Man,Montgomery Gentry,0,Country / Rock
Luv U Better,LL Cool J,1,Hip Hop / RnB
Made in America,Toby Keith,0,Country / Rock
Magic Stick,Lil' Kim ,1,Hip Hop / RnB
Make It Like It Was,Regina Belle,1,Hip Hop / RnB
Make It Sweet,Old Dominion,0,Country / Rock
Make Me Better,Fabolous ,1,Hip Hop / RnB
Make Me Proud,Drake,1,Hip Hop / RnB
Make Me Proud,Drake ,1,Hip Hop / RnB
Make Me Wanna,Thomas Rhett,0,Country / Rock
Making Memories of Us,Keith Urban,0,Country / Rock
Mama Said Knock You Out,LL Cool J,1,Hip Hop / RnB
Man in the Mirror,Michael Jackson,1,Hip Hop / RnB
Man to Man,Gary Allan,0,Country / Rock
Maria Maria,Santana ,1,Hip Hop / RnB
Marry Me,Thomas Rhett,0,Country / Rock
Marvin & Chardonnay,Big Sean ,1,Hip Hop / RnB
Mayberry,Rascal Flatts,0,Country / Rock
Me & U,Cassie,1,Hip Hop / RnB
Me Myself and I,De La Soul,1,Hip Hop / RnB
Me So Horny,2 Live Crew,1,Hip Hop / RnB
Me Too,Toby Keith,0,Country / Rock
"Me, Myself & I",G-Eazy,1,Hip Hop / RnB
Mean to Me,Brett Eldredge,0,Country / Rock
Meant to Be,Bebe Rexha and Florida Georgia Line,0,Country / Rock
Meet in the Middle,Diamond Rio,0,Country / Rock
Mercedes Boy,Pebbles,1,Hip Hop / RnB
Mercy,Brett Young,0,Country / Rock
Mercy,Kanye West,1,Hip Hop / RnB
Mercy,Kanye West ,1,Hip Hop / RnB
Messed Up World (F'd Up World),The Pretty Reckless,0,Country / Rock
Mi Vida Loca (My Crazy Life),Pam Tillis,0,Country / Rock
Mine Would Be You,Blake Shelton,0,Country / Rock
Misery Loves My Company,Three Days Grace,0,Country / Rock
Miss Independent,Ne-Yo,1,Hip Hop / RnB
Miss You,Aaliyah,1,Hip Hop / RnB
Miss You Like Crazy,Natalie Cole,1,Hip Hop / RnB
Miss You Much,Janet Jackson,1,Hip Hop / RnB
Missing You,Case,1,Hip Hop / RnB
Mississippi Girl,Faith Hill,0,Country / Rock
Misunderstanding,Al B. Sure!,1,Hip Hop / RnB
Moment 4 Life,Nicki Minaj,1,Hip Hop / RnB
Moment 4 Life,Nicki Minaj ,1,Hip Hop / RnB
Moments,Emerson Drive,0,Country / Rock
Mona Lisa,Lil Wayne,1,Hip Hop / RnB
Money in the Bank,John Anderson,0,Country / Rock
Money Maker,Ludacris ,1,Hip Hop / RnB
Monie in the Middle,Monie Love,1,Hip Hop / RnB
Monsters,Shinedown,0,Country / Rock
More Than a Memory,Garth Brooks,0,Country / Rock
Most People Are Good,Luke Bryan,0,Country / Rock
Motivation,Kelly Rowland ,1,Hip Hop / RnB
Move Somethin',Talib Kweli,1,Hip Hop / RnB
Move Somethin',Talib Kweli and Hi-Tek (Reflection Eternal),1,Hip Hop / RnB
Mr. Mom,Lonestar,0,Country / Rock
Ms. Jackson,Outkast,1,Hip Hop / RnB
Mud on the Tires,Brad Paisley,0,Country / Rock
Murder Rap,Above the Law,1,Hip Hop / RnB
Must Be Doin' Somethin' Right,Billy Currington,0,Country / Rock
My Baby,Lil' Romeo,1,Hip Hop / RnB
My Baby's Got a Smile on Her Face,Craig Wayne Boyd,0,Country / Rock
My Best Friend,Tim McGraw,0,Country / Rock
My Body,LSG,1,Hip Hop / RnB
My Boo,Usher and Alicia Keys,1,Hip Hop / RnB
My Eyes,Blake Shelton ,0,Country / Rock
My Fantasy,Teddy Riley,1,Hip Hop / RnB
My Fantasy,Teddy Riley ,1,Hip Hop / RnB
My First Love,Atlantic Starr,1,Hip Hop / RnB
My Front Porch Looking In,Lonestar,0,Country / Rock
My Girl,Dylan Scott,0,Country / Rock
My Give a Damn's Busted,Jo Dee Messina,0,Country / Rock
My Kind of Girl,Collin Raye,0,Country / Rock
My Last,Big Sean,1,Hip Hop / RnB
My List,Toby Keith,0,Country / Rock
My Love,Little Texas,0,Country / Rock
My Lovin' (You're Never Gonna Get It),En Vogue,1,Hip Hop / RnB
My Maria,Brooks & Dunn,0,Country / Rock
My Name Is Human,Highly Suspect,0,Country / Rock
My Next Broken Heart,Brooks & Dunn,0,Country / Rock
My Next Thirty Years,Tim McGraw,0,Country / Rock
My Prerogative,Bobby Brown,1,Hip Hop / RnB
My Projects,Coo Coo Cal,1,Hip Hop / RnB
My Sacrifice,Creed,0,Country / Rock
My Second Home,Tracy Lawrence,0,Country / Rock
My Way,Fetty Wap ,1,Hip Hop / RnB
My Wish,Rascal Flatts,0,Country / Rock
"My, My, My",Johnny Gill,1,Hip Hop / RnB
Need U Bad,Jazmine Sullivan,1,Hip Hop / RnB
Need You Now,Lady Antebellum,0,Country / Rock
Neon Light,Blake Shelton,0,Country / Rock
Neon Moon,Brooks & Dunn,0,Country / Rock
Never Again,Breaking Benjamin,0,Country / Rock
Never Again,Nickelback,0,Country / Rock
Never Gonna Let You Go,Faith Evans,1,Hip Hop / RnB
Never Make a Promise,Dru Hill,1,Hip Hop / RnB
Never Never,Korn,0,Country / Rock
Never Too Late,Three Days Grace,0,Country / Rock
Never Wanted Nothing More,Kenny Chesney,0,Country / Rock
New Divide,Linkin Park,0,Country / Rock
New Flame,Chris Brown ,1,Hip Hop / RnB
New Fool at an Old Game,Reba McEntire,0,Country / Rock
New Jack Swing,Wrecks-n-Effect,1,Hip Hop / RnB
"Next to You, Next to Me",Shenandoah,0,Country / Rock
Nice 'N' Slow,Freddie Jackson,1,Hip Hop / RnB
Nice and Slow,Usher,1,Hip Hop / RnB
Nice for What,Drake,1,Hip Hop / RnB
Niggas in Paris,Jay-Z,1,Hip Hop / RnB
Niggas in Paris,Jay-Z and Kanye West,1,Hip Hop / RnB
Night Train,Jason Aldean,0,Country / Rock
Nite and Day,Al B. Sure!,1,Hip Hop / RnB
No Diggity,Blackstreet ,1,Hip Hop / RnB
No Doubt About It,Neal McCoy,0,Country / Rock
No Hands,Waka Flocka Flame,1,Hip Hop / RnB
No Leaf Clover,Metallica,0,Country / Rock
No Lie,2 Chainz,1,Hip Hop / RnB
No Lie,2 Chainz ,1,Hip Hop / RnB
No Matter How High,The Oak Ridge Boys,0,Country / Rock
No More,Disturbed,0,Country / Rock
No More,Ruff Endz,1,Hip Hop / RnB
No News,Lonestar,0,Country / Rock
No One,Alicia Keys,1,Hip Hop / RnB
No One Else on Earth,Wynonna,0,Country / Rock
No One Needs to Know,Shania Twain,0,Country / Rock
No Place That Far,Sara Evans,0,Country / Rock
No Scrubs,TLC,1,Hip Hop / RnB
No Such Thing as a Broken Heart,Old Dominion,0,Country / Rock
"No, No, No",Destiny's Child,1,Hip Hop / RnB
Nobody,Keith Sweat ,1,Hip Hop / RnB
Nobody's Home,Clint Black,0,Country / Rock
Nobody's Supposed to Be Here,Deborah Cox,1,Hip Hop / RnB
Nobody Knows,Kevin Sharp,0,Country / Rock
Not a Moment Too Soon,Tim McGraw,0,Country / Rock
Not Again,Staind,0,Country / Rock
Not Gon' Cry,Mary J. Blige,1,Hip Hop / RnB
Not on Your Love,Jeff Carson,0,Country / Rock
Nothin' but the Taillights,Clint Black,0,Country / Rock
Nothin' Like You,Dan + Shay,0,Country / Rock
Nothin' on You,B.o.B,1,Hip Hop / RnB
Nothin' to Lose,Josh Gracin,0,Country / Rock
Nothing I Can Do About It Now,Willie Nelson,0,Country / Rock
Nothing On but the Radio,Gary Allan,0,Country / Rock
Numb,Linkin Park,0,Country / Rock
Nuthin' But a 'G' Thang,Dr. Dre,1,Hip Hop / RnB
Oasis,Roberta Flack,1,Hip Hop / RnB
Off on Your Own (Girl),Al B. Sure!,1,Hip Hop / RnB
Oh Boy,Cam'ron ,1,Hip Hop / RnB
Oh Boy / The ROC (Just Fire),Cam'ron ,1,Hip Hop / RnB
Oh No,Mos Def,1,Hip Hop / RnB
Oh No,Mos Def and Pharoahe Monch ,1,Hip Hop / RnB
Old Alabama,Brad Paisley ,0,Country / Rock
Old Enough to Know Better,Wade Hayes,0,Country / Rock
Old Town Road,Lil Nas X,1,Hip Hop / RnB
On & On,Erykah Badu,1,Hip Hop / RnB
On Our Own,Bobby Brown,1,Hip Hop / RnB
On Second Thought,Eddie Rabbitt,0,Country / Rock
One Call Away,Chingy ,1,Hip Hop / RnB
One Hell of an Amen,Brantley Gilbert,0,Country / Rock
One Man Band,Old Dominion,0,Country / Rock
One More Chance / Stay with Me,The Notorious B.I.G.,1,Hip Hop / RnB
One More Day,Diamond Rio,0,Country / Rock
One More Last Chance,Vince Gill,0,Country / Rock
One More Try,George Michael,1,Hip Hop / RnB
One Night at a Time,George Strait,0,Country / Rock
One Number Away,Luke Combs,0,Country / Rock
One of Those Nights,Tim McGraw,0,Country / Rock
One Thing Right,Marshmello and Kane Brown,0,Country / Rock
One Way Ticket (Because I Can),LeAnn Rimes,0,Country / Rock
Online,Brad Paisley,0,Country / Rock
Only,Nicki Minaj,1,Hip Hop / RnB
Only,Nicki Minaj ,1,Hip Hop / RnB
Only in America,Brooks & Dunn,0,Country / Rock
Only You Can Love Me This Way,Keith Urban,0,Country / Rock
Ooo La La La,Teena Marie,1,Hip Hop / RnB
Oops (Oh My),Tweet ,1,Hip Hop / RnB
Open Your Eyes,Disturbed,0,Country / Rock
Our Kind of Love,Lady Antebellum,0,Country / Rock
Our Song,Taylor Swift,0,Country / Rock
Ours,Taylor Swift,0,Country / Rock
Out Last Night,Kenny Chesney,0,Country / Rock
Out of Time,Stone Temple Pilots with Chester Bennington,0,Country / Rock
Outside,Aaron Lewis with Fred Durst,0,Country / Rock
Over,Blake Shelton,0,Country / Rock
Over,Drake,1,Hip Hop / RnB
Over You,Miranda Lambert,0,Country / Rock
Overnight Celebrity,Twista,1,Hip Hop / RnB
P.I.M.P.,50 Cent,1,Hip Hop / RnB
Pain,Three Days Grace,0,Country / Rock
Painkiller,Three Days Grace,0,Country / Rock
Panda,Desiigner,1,Hip Hop / RnB
Panic Attack,The Glorious Sons,0,Country / Rock
Papers,Usher,1,Hip Hop / RnB
Paradise,Sade,1,Hip Hop / RnB
Paralyzer,Finger Eleven,0,Country / Rock
Party Like a Rockstar,Shop Boyz,1,Hip Hop / RnB
People Are Crazy,Billy Currington,0,Country / Rock
Perfect Love,Trisha Yearwood,0,Country / Rock
Perfect Storm,Brad Paisley,0,Country / Rock
Photograph,Nickelback,0,Country / Rock
Pickup Man,Joe Diffie,0,Country / Rock
Piece of My Heart,Faith Hill,0,Country / Rock
Planes,Jeremih ,1,Hip Hop / RnB
Play It Again,Luke Bryan,0,Country / Rock
Play Something Country,Brooks & Dunn,0,Country / Rock
Please Me,Cardi B,1,Hip Hop / RnB
Please Remember Me,Tim McGraw,0,Country / Rock
Poison,Bell Biv DeVoe,1,Hip Hop / RnB
Pontoon,Little Big Town,0,Country / Rock
Pony,Ginuwine,1,Hip Hop / RnB
Pop Goes the Weasel,3rd Bass,1,Hip Hop / RnB
Porn Star Dancing,My Darkest Days ,0,Country / Rock
Pour It Up,Rihanna,1,Hip Hop / RnB
Power of Love/Love Power,Luther Vandross,1,Hip Hop / RnB
Power Trip,J. Cole ,1,Hip Hop / RnB
Practice What You Preach,Barry White,1,Hip Hop / RnB
Prayed for You,Matt Stell,0,Country / Rock
Pretty Good at Drinkin' Beer,Billy Currington,0,Country / Rock
Pretty Wings,Maxwell,1,Hip Hop / RnB
Private Line,Gerald Levert,1,Hip Hop / RnB
Promise,Ciara,1,Hip Hop / RnB
Promise,Jagged Edge,1,Hip Hop / RnB
Psycho,Post Malone,1,Hip Hop / RnB
Psycho[79],Puddle of Mudd,0,Country / Rock
Pullin' Me Back,Chingy ,1,Hip Hop / RnB
Purple Pills,D12,1,Hip Hop / RnB
Put On,Young Jeezy ,1,Hip Hop / RnB
Rain Is a Good Thing,Luke Bryan,0,Country / Rock
Raise 'Em Up,Keith Urban ,0,Country / Rock
Raise Up,Petey Pablo,1,Hip Hop / RnB
Rap God,Eminem,1,Hip Hop / RnB
Rats,Ghost,0,Country / Rock
Ready or Not,After 7,1,Hip Hop / RnB
Real Good Man,Tim McGraw,0,Country / Rock
Real Love,Jody Watley,1,Hip Hop / RnB
Real Love,Mary J. Blige,1,Hip Hop / RnB
Real Love,Skyy,1,Hip Hop / RnB
Reality,Kenny Chesney,0,Country / Rock
Rearview Town,Jason Aldean,0,Country / Rock
Rebecca Lynn,Bryan White,0,Country / Rock
Reckless,Alabama,0,Country / Rock
Red Dirt Road,Brooks & Dunn,0,Country / Rock
Redneck Woman,Gretchen Wilson,0,Country / Rock
Remedy,Seether,0,Country / Rock
Remember (The First Time),Eric Gable,1,Hip Hop / RnB
Remember the Time,Michael Jackson,1,Hip Hop / RnB
Remember When,Alan Jackson,0,Country / Rock
Remember When[22],Bad Wolves,0,Country / Rock
Remember You Young,Thomas Rhett,0,Country / Rock
Remind Me,"Brad Paisley, duet with Carrie Underwood",0,Country / Rock
Rhythm Nation,Janet Jackson,1,Hip Hop / RnB
Right Above It,Lil Wayne,1,Hip Hop / RnB
Right Here,Staind,0,Country / Rock
Right Here/Human Nature,SWV,1,Hip Hop / RnB
Right Left Wrong,Three Days Grace,0,Country / Rock
Right Now,Al B. Sure!,1,Hip Hop / RnB
Right on the Money,Alan Jackson,0,Country / Rock
Right Thurr,Chingy,1,Hip Hop / RnB
Rise 'n' Shine,Kool Moe Dee,1,Hip Hop / RnB
River of Love,George Strait,0,Country / Rock
Road Less Traveled,Lauren Alaina,0,Country / Rock
Rock 'N Roll Train,AC/DC,0,Country / Rock
Rockin' Years,Dolly Parton with Ricky Van Shelton,0,Country / Rock
Rockstar,Post Malone,1,Hip Hop / RnB
Roll with It,Easton Corbin,0,Country / Rock
Roll with Me,Montgomery Gentry,0,Country / Rock
Roller Coaster,Luke Bryan,0,Country / Rock
Romantic,Karyn White,1,Hip Hop / RnB
Rope,Foo Fighters,0,Country / Rock
Roses Are Red,The Mac Band,1,Hip Hop / RnB
Round About Way,George Strait,0,Country / Rock
Round and Round,Jonell ,1,Hip Hop / RnB
Round Here,Florida Georgia Line,0,Country / Rock
Roxanne,Arizona Zervas,1,Hip Hop / RnB
Rub You the Right Way,Johnny Gill,1,Hip Hop / RnB
Rumor,Lee Brice,0,Country / Rock
Rumor Has It,Clay Walker,0,Country / Rock
Run,Foo Fighters,0,Country / Rock
Run It!,Chris Brown,1,Hip Hop / RnB
Run This Town,Jay-Z ,1,Hip Hop / RnB
Runaway Love,Ludacris ,1,Hip Hop / RnB
Runnin' Outta Moonlight,Randy Houser,0,Country / Rock
Running Back to You,Vanessa Williams,1,Hip Hop / RnB
Running Out of Reasons to Run,Rick Trevino,0,Country / Rock
Rx (Medicate),Theory of a Deadman,0,Country / Rock
S.O.S. (Sawed Off Shotgun),The Glorious Sons,0,Country / Rock
Sad!,XXXTentacion,1,Hip Hop / RnB
Safari Song,Greta Van Fleet,0,Country / Rock
Sangria,Blake Shelton,0,Country / Rock
Satisfy You,Puff Daddy ,1,Hip Hop / RnB
Save It for a Rainy Day,Kenny Chesney,0,Country / Rock
Save Me,Shinedown,0,Country / Rock
Save the Best For Last,Vanessa Williams,1,Hip Hop / RnB
Say Goodbye,Chris Brown,1,Hip Hop / RnB
Say My Name,Destiny's Child,1,Hip Hop / RnB
Say Something,Timbaland,1,Hip Hop / RnB
Say Something,Timbaland ,1,Hip Hop / RnB
Say You'll Haunt Me,Stone Sour,0,Country / Rock
Say You Do,Dierks Bentley,0,Country / Rock
Second Chance (2009)[88],Shinedown,0,Country / Rock
See You Again,Wiz Khalifa,1,Hip Hop / RnB
See You Again,Wiz Khalifa ,1,Hip Hop / RnB
Seein' Red,Dustin Lynch,0,Country / Rock
Self-Destruction,Stop the Violence Movement,1,Hip Hop / RnB
Send the Pain Below,Chevelle,0,Country / Rock
Sensitivity,Ralph Tresvant,1,Hip Hop / RnB
Separated,Avant,1,Hip Hop / RnB
Settle for a Slowdown,Dierks Bentley,0,Country / Rock
Settlin',Sugarland,0,Country / Rock
Sex Therapy,Robin Thicke,1,Hip Hop / RnB
Shake Ya Tailfeather,"Nelly, P. Diddy and Murphy Lee",1,Hip Hop / RnB
Sham Pain,Five Finger Death Punch,0,Country / Rock
Shameless,Garth Brooks,0,Country / Rock
Shawty,Plies ,1,Hip Hop / RnB
She'll Leave You with a Smile,George Strait,0,Country / Rock
She's Country,Jason Aldean,0,Country / Rock
She's Crazy for Leavin',Rodney Crowell,0,Country / Rock
She's Every Woman,Garth Brooks,0,Country / Rock
She's Everything,Brad Paisley,0,Country / Rock
She's Got It All,Kenny Chesney,0,Country / Rock
She's Got the Rhythm (And I Got the Blues),Alan Jackson,0,Country / Rock
She's in Love with the Boy,Trisha Yearwood,0,Country / Rock
She's Not the Cheatin' Kind,Brooks & Dunn,0,Country / Rock
She's On the Left,Jeffrey Osborne,1,Hip Hop / RnB
She Don't Know She's Beautiful,Sammy Kershaw,0,Country / Rock
She Got the Best of Me,Luke Combs,0,Country / Rock
She Hates Me,Puddle of Mudd,0,Country / Rock
She Is His Only Need,Wynonna,0,Country / Rock
She Let Herself Go,George Strait,0,Country / Rock
She Never Cried in Front of Me,Toby Keith,0,Country / Rock
She Never Lets It Go to Her Heart,Tim McGraw,0,Country / Rock
She Used to Be Mine,Brooks & Dunn,0,Country / Rock
She Will,Lil Wayne ,1,Hip Hop / RnB
She Wouldn't Be Gone,Blake Shelton,0,Country / Rock
Shepherd of Fire,Avenged Sevenfold,0,Country / Rock
Shortie Like Mine,Bow Wow ,1,Hip Hop / RnB
Shotgun Rider,Tim McGraw,0,Country / Rock
Should've Been a Cowboy,Toby Keith,0,Country / Rock
Should've Said No,Taylor Swift,0,Country / Rock
Shoulder Lean,Young Dro ,1,Hip Hop / RnB
Show and Tell,Peabo Bryson,1,Hip Hop / RnB
Shower Me With Your Love,Surface,1,Hip Hop / RnB
Shut Up and Kiss Me,Mary Chapin Carpenter,0,Country / Rock
Sicko Mode,Travis Scott,1,Hip Hop / RnB
Sideways,Dierks Bentley,0,Country / Rock
Simple,Florida Georgia Line,0,Country / Rock
Single Ladies (Put a Ring on It),Beyoncé,1,Hip Hop / RnB
Single White Female,Chely Wright,0,Country / Rock
Singles You Up,Jordan Davis,0,Country / Rock
Sippin' on Fire,Florida Georgia Line,0,Country / Rock
Sittin' on Go,Bryan White,0,Country / Rock
Sixteen,Thomas Rhett,0,Country / Rock
Slither,Velvet Revolver,0,Country / Rock
Slow Dance (Hey Mr. DJ),R. Kelly and Public Announcement,1,Hip Hop / RnB
Slow Down,Bobby Valentino,1,Hip Hop / RnB
Slow Jamz,Twista ,1,Hip Hop / RnB
Slow Motion,Juvenile ,1,Hip Hop / RnB
Small Town Boy,Dustin Lynch,0,Country / Rock
Small Town Southern Man,Alan Jackson,0,Country / Rock
Small Town USA,Justin Moore,0,Country / Rock
Smile,Lonestar,0,Country / Rock
Smoke,A Thousand Horses,0,Country / Rock
Smooth Operator,Big Daddy Kane,1,Hip Hop / RnB
Snap Yo Fingers,Lil Jon ,1,Hip Hop / RnB
So Far Away,Avenged Sevenfold,0,Country / Rock
So Far Away,Staind,0,Country / Rock
So Gone,Monica,1,Hip Hop / RnB
So Much for Pretending,Bryan White,0,Country / Rock
So Small,Carrie Underwood,0,Country / Rock
So You Like What You See,Samuelle,1,Hip Hop / RnB
Sober Saturday Night,Chris Young ,0,Country / Rock
Sold (The Grundy County Auction Incident),John Michael Montgomery,0,Country / Rock
Some Beach,Blake Shelton,0,Country / Rock
Some Girls Do,Sawyer Brown,0,Country / Rock
Some of It,Eric Church,0,Country / Rock
Somebody,Reba McEntire,0,Country / Rock
Somebody's Heartbreak,Hunter Hayes,0,Country / Rock
Somebody Else Will,Justin Moore,0,Country / Rock
Somebody for Me,Heavy D & the Boyz,1,Hip Hop / RnB
Somebody Like You,Keith Urban,0,Country / Rock
Someday,Alan Jackson,0,Country / Rock
Someone Else's Star,Bryan White,0,Country / Rock
Someone Else Calling You Baby,Luke Bryan,0,Country / Rock
Somethin' 'Bout a Truck,Kip Moore,0,Country / Rock
Somethin' Bad,Miranda Lambert duet with Carrie Underwood,0,Country / Rock
Something from Nothing,Foo Fighters,0,Country / Rock
Something in the Water,Carrie Underwood,0,Country / Rock
Something in the Way (You Make Me Feel),Stephanie Mills,1,Hip Hop / RnB
Something in Your Mouth,Nickelback,0,Country / Rock
Something Like That,Tim McGraw,0,Country / Rock
Something to Be Proud Of,Montgomery Gentry,0,Country / Rock
Somewhere I Belong,Linkin Park,0,Country / Rock
Somewhere in My Car,Keith Urban,0,Country / Rock
Somewhere Other Than the Night,Garth Brooks,0,Country / Rock
Somewhere with You,Kenny Chesney,0,Country / Rock
Song #3[18],Stone Sour,0,Country / Rock
Song of the South,Alabama,0,Country / Rock
Soul Survivor,Young Jeezy ,1,Hip Hop / RnB
Souljas,Master P,1,Hip Hop / RnB
Sound of Madness,Shinedown,0,Country / Rock
Southern Star,Alabama,0,Country / Rock
Southern Voice,Tim McGraw,0,Country / Rock
Sparks Fly,Taylor Swift,0,Country / Rock
Speak,Godsmack,0,Country / Rock
Speechless,Dan + Shay,0,Country / Rock
Spend My Life with You,Eric Benet ,1,Hip Hop / RnB
Spotlight,Jennifer Hudson,1,Hip Hop / RnB
Spread My Wings,Troop,1,Hip Hop / RnB
Springsteen,Eric Church,0,Country / Rock
Square Hammer,Ghost,0,Country / Rock
Stand,Rascal Flatts,0,Country / Rock
Stand Beside Me,Jo Dee Messina,0,Country / Rock
Stand Up,All That Remains,0,Country / Rock
Stand Up,Ludacris ,1,Hip Hop / RnB
Star of the Show,Thomas Rhett,0,Country / Rock
Start a Band,Brad Paisley duet with Keith Urban,0,Country / Rock
Start of a Romance,Skyy,1,Hip Hop / RnB
Started from the Bottom,Drake,1,Hip Hop / RnB
State of My Head,Shinedown,0,Country / Rock
Stay,Florida Georgia Line,0,Country / Rock
Stay,Jodeci,1,Hip Hop / RnB
Step in the Name of Love,R. Kelly,1,Hip Hop / RnB
Sticks and Stones,Tracy Lawrence,0,Country / Rock
Stiff Upper Lip,AC/DC,0,Country / Rock
Still Breathing,Green Day,0,Country / Rock
Still Counting,Volbeat,0,Country / Rock
Still Frame,Trapt,0,Country / Rock
Stone,Alice in Chains,0,Country / Rock
Straight Out of Line,Godsmack,0,Country / Rock
Straight Tequila Night,John Anderson,0,Country / Rock
Strawberry Wine,Deana Carter,0,Country / Rock
Strip It Down,Luke Bryan,0,Country / Rock
Studio,Schoolboy Q ,1,Hip Hop / RnB
Stutter,Joe ,1,Hip Hop / RnB
Sucker for Pain,Lil Wayne,1,Hip Hop / RnB
Suds in the Bucket,Sara Evans,0,Country / Rock
Suit & Tie,Justin Timberlake ,1,Hip Hop / RnB
Summer's Comin',Clint Black,0,Country / Rock
Summer Sixteen,Drake,1,Hip Hop / RnB
Summertime,DJ Jazzy Jeff & The Fresh Prince,1,Hip Hop / RnB
Summertime,Kenny Chesney,0,Country / Rock
Summertime Blues,Alan Jackson,0,Country / Rock
Sun Daze,Florida Georgia Line,0,Country / Rock
Sunday in the South,Shenandoah,0,Country / Rock
Sunflower (Spider-Man: Into the Spider-Verse),Post Malone,1,Hip Hop / RnB
Sunny and 75,Joe Nichols,0,Country / Rock
"Sunrise, Sunburn, Sunset",Luke Bryan,0,Country / Rock
Sunshine & Whiskey,Frankie Ballard,0,Country / Rock
Superwoman,Karyn White,1,Hip Hop / RnB
Sure Be Cool If You Did,Blake Shelton,0,Country / Rock
Sure Thing,Miguel,1,Hip Hop / RnB
Sweet Annie,Zac Brown Band,0,Country / Rock
Sweet November,Troop,1,Hip Hop / RnB
Sweet Thing,Keith Urban,0,Country / Rock
Take a Back Road,Rodney Atkins,0,Country / Rock
Take a Bow,Rihanna,1,Hip Hop / RnB
Take a Little Ride,Jason Aldean,0,Country / Rock
Take Me Down,The Pretty Reckless,0,Country / Rock
Take Me There,Rascal Flatts,0,Country / Rock
Take Out the Gunman,Chevelle,0,Country / Rock
Take Your Time,Sam Hunt,0,Country / Rock
Talk Dirty,Jason Derulo ,1,Hip Hop / RnB
"Tall, Tall Trees",Alan Jackson,0,Country / Rock
Talladega,Eric Church,0,Country / Rock
Tell Her,Lonestar,0,Country / Rock
Tell Me What You Want Me to Do,Tevin Campbell,1,Hip Hop / RnB
Temporary Home,Carrie Underwood,0,Country / Rock
Ten Rounds with José Cuervo,Tracy Byrd,0,Country / Rock
Tender Kisses,Tracie Spencer,1,Hip Hop / RnB
Tender Lover,Babyface,1,Hip Hop / RnB
Tennessee,Arrested Development,1,Hip Hop / RnB
Tennessee Whiskey,Chris Stapleton,0,Country / Rock
Tequila,Dan + Shay,0,Country / Rock
Tequila Makes Her Clothes Fall Off,Joe Nichols,0,Country / Rock
Texas Tornado,Tracy Lawrence,0,Country / Rock
Tha Crossroads,Bone Thugs N Harmony,1,Hip Hop / RnB
Thank God for You,Sawyer Brown,0,Country / Rock
Thank God I Found You,Mariah Carey ,1,Hip Hop / RnB
Thanks for My Child,Cheryl Pepsii Riley,1,Hip Hop / RnB
That's as Close as I'll Get to Loving You,Aaron Tippin,0,Country / Rock
That's How Country Boys Roll,Billy Currington,0,Country / Rock
That's My Kind of Night,Luke Bryan,0,Country / Rock
That's the Way,Jo Dee Messina,0,Country / Rock
That's the Way Love Goes,Janet Jackson,1,Hip Hop / RnB
That's What I Love About Sunday,Craig Morgan,0,Country / Rock
That Ain't No Way to Go,Brooks & Dunn,0,Country / Rock
That Summer,Garth Brooks,0,Country / Rock
The Baby,Blake Shelton,0,Country / Rock
The Beaches of Cheyenne,Garth Brooks,0,Country / Rock
The Best Day,George Strait,0,Country / Rock
The Best Things in Life Are Free,Luther Vandross and Janet Jackson,1,Hip Hop / RnB
The Big One,George Strait,0,Country / Rock
The Blues,Tony! Toni! Toné!,1,Hip Hop / RnB
The Boomin' System,LL Cool J,1,Hip Hop / RnB
The Boy Is Mine,Brandy and Monica,1,Hip Hop / RnB
The Boys of Fall,Kenny Chesney,0,Country / Rock
The Chubbster,Chubb Rock,1,Hip Hop / RnB
The Church on Cumberland Road,Shenandoah,0,Country / Rock
The Cowboy in Me,Tim McGraw,0,Country / Rock
The Crow & the Butterfly,Shinedown,0,Country / Rock
The D.O.C. & The Doctor,The D.O.C.,1,Hip Hop / RnB
The Dance,Garth Brooks,0,Country / Rock
The Day That Never Comes,Metallica,0,Country / Rock
The Devil's Bleeding Crown[16],Volbeat,0,Country / Rock
The First Night,Monica,1,Hip Hop / RnB
The First Time,Surface,1,Hip Hop / RnB
The Git Up,Blanco Brown,0,Country / Rock
The Good Life,Three Days Grace,0,Country / Rock
The Good Stuff,Kenny Chesney,0,Country / Rock
The Hangman's Body Count,Volbeat,0,Country / Rock
The Heart Is a Lonely Hunter,Reba McEntire,0,Country / Rock
The Heart Won't Lie,Reba McEntire & Vince Gill,0,Country / Rock
The High Road,Three Days Grace,0,Country / Rock
The Hills,The Weeknd,1,Hip Hop / RnB
The House That Built Me,Miranda Lambert,0,Country / Rock
The Humpty Dance,Digital Underground,1,Hip Hop / RnB
The Jester,Badflower,0,Country / Rock
The Light,Disturbed,0,Country / Rock
The Little Girl,John Michael Montgomery,0,Country / Rock
The Long Goodbye,Brooks & Dunn,0,Country / Rock
The Man I Want to Be,Chris Young,0,Country / Rock
The Monster,Eminem,1,Hip Hop / RnB
The Monster,Eminem ,1,Hip Hop / RnB
The Motto,Drake,1,Hip Hop / RnB
The Motto,Drake ,1,Hip Hop / RnB
The Mountain,Three Days Grace,0,Country / Rock
The One That Got Away,Jake Owen,0,Country / Rock
The Ones That Didn't Make It Back Home,Justin Moore,0,Country / Rock
The Only Way I Know,Jason Aldean with Luke Bryan and Eric Church,0,Country / Rock
The Otherside,Red Sun Rising,0,Country / Rock
The Pot,Tool,0,Country / Rock
The Power,Snap!,1,Hip Hop / RnB
The Pretender,Foo Fighters,0,Country / Rock
The River,Garth Brooks,0,Country / Rock
The Secret Garden (Sweet Seduction Suite),"Quincy Jones with Al B. Sure!, James Ingram, El DeBarge and Barry White",1,Hip Hop / RnB
The Sex Is Good,Saving Abel,0,Country / Rock
The Shoes You're Wearing,Clint Black,0,Country / Rock
The Sky Is a Neighborhood,Foo Fighters,0,Country / Rock
The Sound of Silence,Disturbed,0,Country / Rock
The Thunder Rolls,Garth Brooks,0,Country / Rock
The Truth,Jason Aldean,0,Country / Rock
The Vengeful One,Disturbed,0,Country / Rock
The Way You Love Me,Faith Hill,0,Country / Rock
The Way You Love Me,Karyn White,1,Hip Hop / RnB
The Way You Make Me Feel,Michael Jackson,1,Hip Hop / RnB
The Way You Move,Outkast ,1,Hip Hop / RnB
The World,Brad Paisley,0,Country / Rock
The Worst,Jhené Aiko,1,Hip Hop / RnB
Then,Brad Paisley,0,Country / Rock
There's Your Trouble,Dixie Chicks,0,Country / Rock
There Ain't Nothin' Wrong with the Radio,Aaron Tippin,0,Country / Rock
There Goes,Alan Jackson,0,Country / Rock
There Goes My Baby,Usher,1,Hip Hop / RnB
There Goes My Life,Kenny Chesney,0,Country / Rock
There Is No Arizona,Jamie O'Neal,0,Country / Rock
These Are My People,Rodney Atkins,0,Country / Rock
These Days,Rascal Flatts,0,Country / Rock
Thieves in the Temple,Prince,1,Hip Hop / RnB
Thinkin' About You,Trisha Yearwood,0,Country / Rock
Third Rock from the Sun,Joe Diffie,0,Country / Rock
This,Darius Rucker,0,Country / Rock
This Is America,Childish Gambino,1,Hip Hop / RnB
This Is How We Do It,Montell Jordan,1,Hip Hop / RnB
This Is How We Roll,Florida Georgia Line ,0,Country / Rock
This Is It,Scotty McCreery,0,Country / Rock
This Is Why I'm Hot,Mims,1,Hip Hop / RnB
This Kiss,Faith Hill,0,Country / Rock
This Woman and This Man,Clay Walker,0,Country / Rock
Three Wooden Crosses,Randy Travis,0,Country / Rock
Thrift Shop,Macklemore & Ryan Lewis ,1,Hip Hop / RnB
Thrift Shop,Macklemore and Ryan Lewis,1,Hip Hop / RnB
Throne,Bring Me the Horizon,0,Country / Rock
Through Glass,Stone Sour,0,Country / Rock
Throw Sum Mo,Rae Sremmurd ,1,Hip Hop / RnB
Ticks,Brad Paisley,0,Country / Rock
Til It's Gone,Kenny Chesney,0,Country / Rock
Til My Last Day,Justin Moore,0,Country / Rock
Timber,Pitbull,1,Hip Hop / RnB
"Timber, I'm Falling in Love",Patty Loveless,0,Country / Rock
Time Marches On,Tracy Lawrence,0,Country / Rock
Time of Our Lives,Pitbull,1,Hip Hop / RnB
Tipsy,J-Kwon,1,Hip Hop / RnB
Tired,Stone Sour,0,Country / Rock
To Be Loved by You,Wynonna,0,Country / Rock
To Make You Feel My Love,Garth Brooks,0,Country / Rock
Toes,Zac Brown Band,0,Country / Rock
Tomorrow,Chris Young,0,Country / Rock
"Tomorrow (A Better You, A Better Me)",Quincy Jones ,1,Hip Hop / RnB
Tonight,Seether,0,Country / Rock
Tonight Looks Good on You,Jason Aldean,0,Country / Rock
Too Bad,Nickelback,0,Country / Rock
Too Busy Being in Love,Doug Stone,0,Country / Rock
Too Close,Next,1,Hip Hop / RnB
Too Good,Drake,1,Hip Hop / RnB
Torn in Two,Breaking Benjamin,0,Country / Rock
Torn to Pieces,Pop Evil,0,Country / Rock
Tough Little Boys,Gary Allan,0,Country / Rock
Trap Queen,Fetty Wap,1,Hip Hop / RnB
Travelin' Soldier,Dixie Chicks,0,Country / Rock
Treat 'Em Right,Chubb Rock,1,Hip Hop / RnB
Treat Them Like They Want to Be Treated,Father MC,1,Hip Hop / RnB
Trenches[10],Pop Evil,0,Country / Rock
Truffle Butter,Nicki Minaj ,1,Hip Hop / RnB
Truth Hurts,Lizzo,1,Hip Hop / RnB
Tryin' to Get Over You,Vince Gill,0,Country / Rock
Tuesday,ILoveMakonnen ,1,Hip Hop / RnB
Tumblin' Down,Ziggy Marley and the Melody Makers,1,Hip Hop / RnB
Turn On the Radio,Reba[A],0,Country / Rock
Turned Away,Chuckii Booker,1,Hip Hop / RnB
Twisted,Keith Sweat,1,Hip Hop / RnB
Two Dozen Roses,Shenandoah,0,Country / Rock
"Two of a Kind, Workin' on a Full House",Garth Brooks,0,Country / Rock
Two Piña Coladas,Garth Brooks,0,Country / Rock
U Can't Touch This,MC Hammer,1,Hip Hop / RnB
U Got It Bad,Usher,1,Hip Hop / RnB
U Know What's Up,Donell Jones ,1,Hip Hop / RnB
U Remind Me,Usher,1,Hip Hop / RnB
Uhh Ahh,Boyz II Men,1,Hip Hop / RnB
Un-Thinkable (I'm Ready),Alicia Keys,1,Hip Hop / RnB
Unanswered Prayers,Garth Brooks,0,Country / Rock
Unbroken,Tim McGraw,0,Country / Rock
Uncomfortable,Halestorm,0,Country / Rock
Under the Graveyard,Ozzy Osbourne,0,Country / Rock
Under Your Scars,Godsmack,0,Country / Rock
Understanding,Xscape,1,Hip Hop / RnB
Undo It,Carrie Underwood,0,Country / Rock
Unforgettable,French Montana,1,Hip Hop / RnB
Unforgettable,Thomas Rhett,0,Country / Rock
Unity,Shinedown,0,Country / Rock
Until It's Gone,Linkin Park,0,Country / Rock
Untouchable,Above the Law,1,Hip Hop / RnB
Up Down,Morgan Wallen ,0,Country / Rock
Vilify,Device,0,Country / Rock
Vision of Love,Mariah Carey,1,Hip Hop / RnB
Vitamin R (Leading Us Along),Chevelle,0,Country / Rock
Voices,Chris Young,0,Country / Rock
Wagon Wheel,Darius Rucker,0,Country / Rock
Waitin' on a Woman,Brad Paisley,0,Country / Rock
Waking Lions,Pop Evil,0,Country / Rock
Walk,Foo Fighters,0,Country / Rock
Walk on Faith,Mike Reid,0,Country / Rock
Walkin' Away,Clint Black,0,Country / Rock
Wanna Be That Song,Brett Eldredge,0,Country / Rock
Want To,Sugarland,0,Country / Rock
Wanted,Hunter Hayes,0,Country / Rock
Wash It All Away,Five Finger Death Punch,0,Country / Rock
Wasted,Carrie Underwood,0,Country / Rock
Watch Me (Whip/Nae Nae),Silentó,1,Hip Hop / RnB
Watch the Wind Blow By,Tim McGraw,0,Country / Rock
Watching You,Rodney Atkins,0,Country / Rock
Water,Brad Paisley,0,Country / Rock
We're All in the Same Gang,The West Coast Rap All-Stars,1,Hip Hop / RnB
We Are Never Ever Getting Back Together,Taylor Swift,0,Country / Rock
We Are Tonight,Billy Currington,0,Country / Rock
We Belong Together,Mariah Carey,1,Hip Hop / RnB
We Can't Be Friends,Deborah Cox ,1,Hip Hop / RnB
We Danced,Brad Paisley,0,Country / Rock
We Danced Anyway,Deana Carter,0,Country / Rock
We Fly High,Jim Jones,1,Hip Hop / RnB
We Owned the Night,Lady Antebellum,0,Country / Rock
We Were Us,Keith Urban and Miranda Lambert,0,Country / Rock
Weak,SWV,1,Hip Hop / RnB
Weak and Powerless,A Perfect Circle,0,Country / Rock
What's Going On in Your World,George Strait,0,Country / Rock
What's It Gonna Be?!,Busta Rhymes ,1,Hip Hop / RnB
What's It to You,Clay Walker,0,Country / Rock
What About Now,Lonestar,0,Country / Rock
What Happens in a Small Town,Brantley Gilbert and Lindsay Ell,0,Country / Rock
What Hurts the Most,Rascal Flatts,0,Country / Rock
What I'd Say,Earl Thomas Conley,0,Country / Rock
What I've Done,Linkin Park,0,Country / Rock
What I Really Meant to Say,Cyndi Thomson,0,Country / Rock
What If I Said,Anita Cochran (duet with Steve Wariner),0,Country / Rock
What Ifs,Kane Brown ,0,Country / Rock
What Mattered Most,Ty Herndon,0,Country / Rock
What Part of No,Lorrie Morgan,0,Country / Rock
What She's Doing Now,Garth Brooks,0,Country / Rock
What Was I Thinkin',Dierks Bentley,0,Country / Rock
What Would You Do?,City High,1,Hip Hop / RnB
What You Know,T.I.,1,Hip Hop / RnB
Whatever She's Got,David Nail,0,Country / Rock
Whatever You Like,T.I.,1,Hip Hop / RnB
Whatever You Want,Tony! Toni! Toné!,1,Hip Hop / RnB
When I'm Gone,3 Doors Down,0,Country / Rock
When I'm Gone,Dirty Honey,0,Country / Rock
When I Get Where I'm Going,Brad Paisley ,0,Country / Rock
When I Said I Do,Clint Black with Lisa Hartman Black,0,Country / Rock
When I See U,Fantasia,1,Hip Hop / RnB
When I Think About Angels,Jamie O'Neal,0,Country / Rock
When It Rains It Pours,Luke Combs,0,Country / Rock
When Legends Rise,Godsmack,0,Country / Rock
When My Ship Comes In,Clint Black,0,Country / Rock
When She Says Baby,Jason Aldean,0,Country / Rock
When the Curtain Falls,Greta Van Fleet,0,Country / Rock
When the Seasons Change,Five Finger Death Punch,0,Country / Rock
When the Sun Goes Down,Kenny Chesney & Uncle Kracker,0,Country / Rock
Where Are You Now,Clint Black,0,Country / Rock
Where Did I Go Wrong,Steve Wariner,0,Country / Rock
Where Do We Go from Here,Stacy Lattisaw with Johnny Gill,1,Hip Hop / RnB
Where I Come From,Alan Jackson,0,Country / Rock
Where It's At,Dustin Lynch,0,Country / Rock
Where the Green Grass Grows,Tim McGraw,0,Country / Rock
Where the Party At,Jagged Edge with Nelly,1,Hip Hop / RnB
Where Were You (When the World Stopped Turning),Alan Jackson,0,Country / Rock
Wherever You Are,Jack Ingram,0,Country / Rock
Whiskey Girl,Toby Keith,0,Country / Rock
Whiskey Glasses,Morgan Wallen,0,Country / Rock
Whiskey Hangover,Godsmack,0,Country / Rock
Whisper My Name,Randy Travis,0,Country / Rock
Whistle While You Twurk,Ying Yang Twins,1,Hip Hop / RnB
Who's Lonely Now,Highway 101,0,Country / Rock
Who's That Man,Toby Keith,0,Country / Rock
Who's Your Daddy?,Toby Keith,0,Country / Rock
Who Are You When I'm Not Looking,Blake Shelton,0,Country / Rock
Who Can I Run To,Xscape,1,Hip Hop / RnB
Who I Am,Jessica Andrews,0,Country / Rock
Who Says You Can't Go Home,Bon Jovi duet with Jennifer Nettles,0,Country / Rock
Who Wouldn't Wanna Be Me,Keith Urban,0,Country / Rock
Whoomp! (There It Is),Tag Team,1,Hip Hop / RnB
Why,Jason Aldean,0,Country / Rock
Why'd You Come in Here Lookin' Like That,Dolly Parton,0,Country / Rock
Why Didn't I Think of That,Doug Stone,0,Country / Rock
Why Don't We Just Dance,Josh Turner,0,Country / Rock
Why Wait,Rascal Flatts,0,Country / Rock
Wide Open Spaces,Dixie Chicks,0,Country / Rock
Wifey,Next,1,Hip Hop / RnB
Wiggle,Jason Derulo ,1,Hip Hop / RnB
Wild Angels,Martina McBride,0,Country / Rock
Wild Child,Kenny Chesney ,0,Country / Rock
Wild One,Faith Hill,0,Country / Rock
Wink,Neal McCoy,0,Country / Rock
Wish You Were Here,Mark Wills,0,Country / Rock
Wishing Well,Terence Trent D'Arby,1,Hip Hop / RnB
With Arms Wide Open,Creed,0,Country / Rock
Without You,Dixie Chicks,0,Country / Rock
Without You,Keith Urban,0,Country / Rock
Wobble Wobble,504 Boyz,1,Hip Hop / RnB
"Woman, Amen",Dierks Bentley,0,Country / Rock
Words as Weapons,Seether,0,Country / Rock
Work It,Missy Elliott,1,Hip Hop / RnB
Work It,Missy Misdemeanor Elliott,1,Hip Hop / RnB
World on Fire,Slash ,0,Country / Rock
World So Cold,Three Days Grace,0,Country / Rock
Would You Go with Me,Josh Turner,0,Country / Rock
Wow,Post Malone,1,Hip Hop / RnB
Wrap My Body Tight,Johnny Gill,1,Hip Hop / RnB
Write This Down,George Strait,0,Country / Rock
Written All Over Your Face,The Rude Boys,1,Hip Hop / RnB
Written in the Sand,Old Dominion,0,Country / Rock
Wrong Again,Martina McBride,0,Country / Rock
XXX's and OOO's (An American Girl),Trisha Yearwood,0,Country / Rock
Yeah,Joe Nichols,0,Country / Rock
Yeah!,Usher ,1,Hip Hop / RnB
Yellow Roses,Dolly Parton,0,Country / Rock
Yes!,Chad Brock,0,Country / Rock
You,Chris Young,0,Country / Rock
You,Lloyd ,1,Hip Hop / RnB
You'll Think of Me,Keith Urban,0,Country / Rock
You're a Lie,Slash ,0,Country / Rock
You're Easy on the Eyes,Terri Clark,0,Country / Rock
You're Gonna Miss Me When I'm Gone,Brooks & Dunn,0,Country / Rock
You're Gonna Miss This,Trace Adkins,0,Country / Rock
You're Makin' Me High / Let It Flow,Toni Braxton,1,Hip Hop / RnB
You're Still the One,Shania Twain,0,Country / Rock
You're the One,Greta Van Fleet,0,Country / Rock
You're the One,SWV,1,Hip Hop / RnB
You Are My Everything,Surface,1,Hip Hop / RnB
You Are Not Alone,Michael Jackson,1,Hip Hop / RnB
You Belong with Me,Taylor Swift,0,Country / Rock
You Can't Deny It,Lisa Stansfield,1,Hip Hop / RnB
You Can't Make a Heart Love Somebody,George Strait,0,Country / Rock
You Can't Play with My Yo-Yo,Yo-Yo,1,Hip Hop / RnB
You Can Feel Bad,Patty Loveless,0,Country / Rock
You Don't Have to Worry,En Vogue,1,Hip Hop / RnB
You Don't Know Her Like I Do,Brantley Gilbert,0,Country / Rock
You Don't Know My Name,Alicia Keys,1,Hip Hop / RnB
You Gonna Fly,Keith Urban,0,Country / Rock
You Had Me from Hello,Kenny Chesney,0,Country / Rock
You Know Me Better Than That,George Strait,0,Country / Rock
You Know You're Right,Nirvana,0,Country / Rock
You Lie,Reba McEntire,0,Country / Rock
You Look Good in My Shirt,Keith Urban,0,Country / Rock
You Make It Easy,Jason Aldean,0,Country / Rock
You Make Me Wanna...,Usher,1,Hip Hop / RnB
You Really Had Me Going,Holly Dunn,0,Country / Rock
You Remind Me,Mary J. Blige,1,Hip Hop / RnB
You Remind Me of Something,R. Kelly,1,Hip Hop / RnB
You Shouldn't Kiss Me Like This,Toby Keith,0,Country / Rock
You Were Mine,Dixie Chicks,0,Country / Rock
You Will Know,Stevie Wonder,1,Hip Hop / RnB
You Win My Love,Shania Twain,0,Country / Rock
Young & Crazy,Frankie Ballard,0,Country / Rock
Young Love (Strong Love),The Judds,0,Country / Rock
Your Decision,Alice in Chains,0,Country / Rock
Your Love,Nicki Minaj,1,Hip Hop / RnB
Your Love Amazes Me,John Berry,0,Country / Rock
Your Man,Josh Turner,0,Country / Rock
Yours,Russell Dickerson,0,Country / Rock
Yours If You Want It,Rascal Flatts,0,Country / Rock
Zeze,Kodak Black,1,Hip Hop / RnB
Zombie,Bad Wolves,0,Country / Rock
